<xml xmlns="http://www.w3.org/1999/xhtml">
  <tab name="init" type="InitTab" active="false" scrollx="875" scrolly="435.5" scale="0.9">
    <block xmlns="https://developers.google.com/blockly/xml" type="initSettings" id="8{l^$Y{2+i$G:1`aK5a;" x="-930" y="-410">
      <field name="LOAD_COMP_ASSETS">TRUE</field>
      <field name="FULLSCREEN">TRUE</field>
      <field name="BKG_TRANSPARENCY">FALSE</field>
      <field name="PRESERVE_DRAW_BUF">FALSE</field>
      <field name="FADE_ANNOTATIONS">TRUE</field>
    </block>
  </tab>
  <tab name="main" type="MainTab" active="true" scrollx="804.340544136907" scrolly="364.6410259187565" scale="0.8227024747918819">
    <variables xmlns="https://developers.google.com/blockly/xml">
      <variable id="v}2rMBFpay/g;T9GHve`" type="">DoorList</variable>
    </variables>
    <block xmlns="https://developers.google.com/blockly/xml" type="variables_set" id="xjR3Ir(;0[4`Wij-jVXi" x="-830" y="-390">
      <field name="VAR" id="v}2rMBFpay/g;T9GHve`">DoorList</field>
      <value name="VALUE">
        <block type="lists_create_with" id="QAUN)PcMroIl}|=Lc:D=">
          <mutation items="4"/>
          <value name="ADD0">
            <block type="objectList" id="`+lU!{(,*GO+-M@7f4xQ">
              <field name="FIELDNAME">Door.001</field>
            </block>
          </value>
          <value name="ADD1">
            <block type="objectList" id="pe)F@ZWyYENWt#t3c2Ho">
              <field name="FIELDNAME">Door.002</field>
            </block>
          </value>
          <value name="ADD2">
            <block type="objectList" id="=vm#;I=/SRzbn];|/J0|">
              <field name="FIELDNAME">Door.003</field>
            </block>
          </value>
          <value name="ADD3">
            <block type="objectList" id="Zg?#t|MSNW^X=e-ornLN">
              <field name="FIELDNAME">Door.004</field>
            </block>
          </value>
        </block>
      </value>
    </block>
    <block xmlns="https://developers.google.com/blockly/xml" type="whenHovered" id="0W#_P$2;0k(-jy{zwxU4" x="-830" y="-90">
      <mutation xmlns="http://www.w3.org/1999/xhtml" adveventoptions="false"></mutation>
      <field name="X_RAY">FALSE</field>
      <value name="VALUE">
        <block type="variables_get" id="-W5AxBTO8wegV$t0}TQl">
          <field name="VAR" id="v}2rMBFpay/g;T9GHve`">DoorList</field>
        </block>
      </value>
      <statement name="DO_OVER">
        <block type="setHTMLElemStyle" id="]n?)MNqSWtaUOGT8onV5">
          <field name="PROPERTY">cursor</field>
          <field name="PARENT">FALSE</field>
          <value name="VALUE">
            <block type="text" id="[YhT.Nx%Rzwrb#Fpm{X.">
              <field name="TEXT">pointer</field>
            </block>
          </value>
          <value name="ID">
            <block type="DOMObjectSelector" id="Nw]Q;ZJL{9~T!i}_O[ti">
              <field name="DOM_OBJECT">BODY</field>
            </block>
          </value>
          <next>
            <block type="outline" id="BC2g-?!}kwT9o8;0`Y1@">
              <field name="DO_WHAT">ENABLE</field>
              <value name="TARGET">
                <shadow type="objectList" id="Z;G/m=@nJL`Jb6u6BqQ}">
                  <field name="FIELDNAME">Door.001</field>
                </shadow>
                <block type="variables_get" id="TJ,6id]0*v)^v%uVDId%">
                  <field name="VAR" id="v}2rMBFpay/g;T9GHve`">DoorList</field>
                </block>
              </value>
            </block>
          </next>
        </block>
      </statement>
      <statement name="DO_OUT">
        <block type="setHTMLElemStyle" id="ejK_;SU8$#-g4DZ=tw1F">
          <field name="PROPERTY">cursor</field>
          <field name="PARENT">FALSE</field>
          <value name="VALUE">
            <block type="text" id="fKhjyLi=[,O{Qov|HO[+">
              <field name="TEXT">default</field>
            </block>
          </value>
          <value name="ID">
            <block type="DOMObjectSelector" id="=IZ3:JLtEP/Ab?:0{Lu0">
              <field name="DOM_OBJECT">BODY</field>
            </block>
          </value>
          <next>
            <block type="outline" id="XgdLuvlvInRX?8K=jx~t">
              <field name="DO_WHAT">DISABLE</field>
              <value name="TARGET">
                <shadow type="objectList" id="ZW/D*tX7$sO;26^j2{Wq">
                  <field name="FIELDNAME">Door.001</field>
                </shadow>
                <block type="variables_get" id="+03DMYQEO:,]KGu4bhYU">
                  <field name="VAR" id="v}2rMBFpay/g;T9GHve`">DoorList</field>
                </block>
              </value>
            </block>
          </next>
        </block>
      </statement>
    </block>
    <block xmlns="https://developers.google.com/blockly/xml" type="objectList" id="r6ZP|RU,;%LVS1IVtT4O" x="-648" y="-53">
      <field name="FIELDNAME">Door.001</field>
    </block>
  </tab>
  <editorsettings viewport-x="928" viewport-y="12" viewport-w="768" viewport-h="473.5" viewport-hidden="false" toolbox-library-mode="false" toolbox-minimized-mode="false"></editorsettings>
</xml>