<xml xmlns="http://www.w3.org/1999/xhtml">
  <tab name="init" type="InitTab" active="false" scrollx="875" scrolly="435.5" scale="0.9">
    <block xmlns="https://developers.google.com/blockly/xml" type="initSettings" id="8{l^$Y{2+i$G:1`aK5a;" x="-930" y="-410">
      <field name="LOAD_COMP_ASSETS">TRUE</field>
      <field name="FULLSCREEN">TRUE</field>
      <field name="BKG_TRANSPARENCY">FALSE</field>
      <field name="PRESERVE_DRAW_BUF">FALSE</field>
      <field name="FADE_ANNOTATIONS">TRUE</field>
    </block>
  </tab>
  <tab name="main" type="MainTab" active="true" scrollx="924" scrolly="414" scale="1">
    <block xmlns="https://developers.google.com/blockly/xml" type="whenHovered" id="0W#_P$2;0k(-jy{zwxU4" x="-830" y="-90">
      <mutation xmlns="http://www.w3.org/1999/xhtml" adveventoptions="false"></mutation>
      <field name="X_RAY">FALSE</field>
      <value name="VALUE">
        <block type="objectList" id="r6ZP|RU,;%LVS1IVtT4O">
          <field name="FIELDNAME">CS</field>
        </block>
      </value>
      <statement name="DO_OVER">
        <block type="setHTMLElemStyle" id="]n?)MNqSWtaUOGT8onV5">
          <field name="PROPERTY">cursor</field>
          <field name="PARENT">FALSE</field>
          <value name="VALUE">
            <block type="text" id="[YhT.Nx%Rzwrb#Fpm{X.">
              <field name="TEXT">pointer</field>
            </block>
          </value>
          <value name="ID">
            <block type="DOMObjectSelector" id="Nw]Q;ZJL{9~T!i}_O[ti">
              <field name="DOM_OBJECT">BODY</field>
            </block>
          </value>
        </block>
      </statement>
      <statement name="DO_OUT">
        <block type="setHTMLElemStyle" id="ejK_;SU8$#-g4DZ=tw1F">
          <field name="PROPERTY">cursor</field>
          <field name="PARENT">FALSE</field>
          <value name="VALUE">
            <block type="text" id="fKhjyLi=[,O{Qov|HO[+">
              <field name="TEXT">default</field>
            </block>
          </value>
          <value name="ID">
            <block type="DOMObjectSelector" id="=IZ3:JLtEP/Ab?:0{Lu0">
              <field name="DOM_OBJECT">BODY</field>
            </block>
          </value>
        </block>
      </statement>
    </block>
  </tab>
  <editorsettings viewport-x="1134" viewport-y="28" viewport-w="768" viewport-h="473.5" viewport-hidden="false" toolbox-library-mode="true" toolbox-minimized-mode="false"></editorsettings>
</xml>