<xml xmlns="http://www.w3.org/1999/xhtml">
  <tab name="init" type="InitTab" active="false" scrollx="875.0000000000002" scrolly="435.5000000000001" scale="0.9">
    <block xmlns="https://developers.google.com/blockly/xml" type="initSettings" id="8{l^$Y{2+i$G:1`aK5a;" x="-930" y="-410">
      <field name="LOAD_COMP_ASSETS">TRUE</field>
      <field name="FULLSCREEN">TRUE</field>
      <field name="BKG_TRANSPARENCY">FALSE</field>
      <field name="PRESERVE_DRAW_BUF">FALSE</field>
      <field name="FADE_ANNOTATIONS">TRUE</field>
    </block>
  </tab>
  <tab name="main" type="MainTab" active="true" scrollx="960.2358441248384" scrolly="-524.4399501176413" scale="0.9070294784580498">
    <block xmlns="https://developers.google.com/blockly/xml" type="whenHovered" id="0W#_P$2;0k(-jy{zwxU4" x="-790" y="-210">
      <mutation xmlns="http://www.w3.org/1999/xhtml" adveventoptions="false"></mutation>
      <field name="X_RAY">FALSE</field>
      <value name="VALUE">
        <block type="objectList" id="p$PthKd2Pm+vsW7;=m2U">
          <field name="FIELDNAME">Door.001</field>
        </block>
      </value>
      <statement name="DO_OVER">
        <block type="setHTMLElemStyle" id="]n?)MNqSWtaUOGT8onV5">
          <field name="PROPERTY">cursor</field>
          <field name="PARENT">FALSE</field>
          <value name="VALUE">
            <block type="text" id="[YhT.Nx%Rzwrb#Fpm{X.">
              <field name="TEXT">pointer</field>
            </block>
          </value>
          <value name="ID">
            <block type="DOMObjectSelector" id="Nw]Q;ZJL{9~T!i}_O[ti">
              <field name="DOM_OBJECT">BODY</field>
            </block>
          </value>
          <next>
            <block type="outline" id="BC2g-?!}kwT9o8;0`Y1@">
              <field name="DO_WHAT">ENABLE</field>
              <value name="TARGET">
                <shadow type="objectList" id="Z;G/m=@nJL`Jb6u6BqQ}">
                  <field name="FIELDNAME">Door.001</field>
                </shadow>
                <block type="objectList" id="nz@`@cl8-d`DQ:4pzx4F">
                  <field name="FIELDNAME">Door.001</field>
                </block>
              </value>
            </block>
          </next>
        </block>
      </statement>
      <statement name="DO_OUT">
        <block type="setHTMLElemStyle" id="ejK_;SU8$#-g4DZ=tw1F">
          <field name="PROPERTY">cursor</field>
          <field name="PARENT">FALSE</field>
          <value name="VALUE">
            <block type="text" id="fKhjyLi=[,O{Qov|HO[+">
              <field name="TEXT">default</field>
            </block>
          </value>
          <value name="ID">
            <block type="DOMObjectSelector" id="=IZ3:JLtEP/Ab?:0{Lu0">
              <field name="DOM_OBJECT">BODY</field>
            </block>
          </value>
          <next>
            <block type="outline" id="XgdLuvlvInRX?8K=jx~t">
              <field name="DO_WHAT">DISABLE</field>
              <value name="TARGET">
                <shadow type="objectList" id="ZW/D*tX7$sO;26^j2{Wq">
                  <field name="FIELDNAME">Door.001</field>
                </shadow>
                <block type="objectList" id="=K]@MBk%!5%]ZVF_a$0w">
                  <field name="FIELDNAME">Door.001</field>
                </block>
              </value>
            </block>
          </next>
        </block>
      </statement>
      <next>
        <block type="whenHovered" id="v#;IViq:P:KsbKHXRvGL">
          <mutation xmlns="http://www.w3.org/1999/xhtml" adveventoptions="false"></mutation>
          <field name="X_RAY">FALSE</field>
          <value name="VALUE">
            <block type="objectList" id="JjQglt^|i:*c4t{L7`Tr">
              <field name="FIELDNAME">Door.002</field>
            </block>
          </value>
          <statement name="DO_OVER">
            <block type="setHTMLElemStyle" id="gH~Y1gizGFh_4Sk?pQ`A">
              <field name="PROPERTY">cursor</field>
              <field name="PARENT">FALSE</field>
              <value name="VALUE">
                <block type="text" id="m~2Kh5pQQHV5J@`T3hpM">
                  <field name="TEXT">pointer</field>
                </block>
              </value>
              <value name="ID">
                <block type="DOMObjectSelector" id="^tH-0ZPi}0dO[rGnt2ZF">
                  <field name="DOM_OBJECT">BODY</field>
                </block>
              </value>
              <next>
                <block type="outline" id="o2JM8-64OQR++7/`@qQA">
                  <field name="DO_WHAT">ENABLE</field>
                  <value name="TARGET">
                    <shadow type="objectList">
                      <field name="FIELDNAME">Door.001</field>
                    </shadow>
                    <block type="objectList" id="x{u5tC^PqJIw!XsLDST+">
                      <field name="FIELDNAME">Door.002</field>
                    </block>
                  </value>
                </block>
              </next>
            </block>
          </statement>
          <statement name="DO_OUT">
            <block type="setHTMLElemStyle" id="TP~damLk:6N}k|U+,^o*">
              <field name="PROPERTY">cursor</field>
              <field name="PARENT">FALSE</field>
              <value name="VALUE">
                <block type="text" id="5Vs#]{DkOGu+{aBGlB$%">
                  <field name="TEXT">default</field>
                </block>
              </value>
              <value name="ID">
                <block type="DOMObjectSelector" id="F;KBBq$AR*7[Y-92$0(:">
                  <field name="DOM_OBJECT">BODY</field>
                </block>
              </value>
              <next>
                <block type="outline" id="{Ab@?a*SE~zUOV%jP-4C">
                  <field name="DO_WHAT">DISABLE</field>
                  <value name="TARGET">
                    <shadow type="objectList">
                      <field name="FIELDNAME">Door.001</field>
                    </shadow>
                    <block type="objectList" id="U]@_9MmQNC=ZwKN%U,l_">
                      <field name="FIELDNAME">Door.002</field>
                    </block>
                  </value>
                </block>
              </next>
            </block>
          </statement>
          <next>
            <block type="whenHovered" id="g6$+gT).eA5RapTqVYX2">
              <mutation xmlns="http://www.w3.org/1999/xhtml" adveventoptions="false"></mutation>
              <field name="X_RAY">FALSE</field>
              <value name="VALUE">
                <block type="objectList" id="}cHjRM^AP5Y![zx$d|4B">
                  <field name="FIELDNAME">Door.003</field>
                </block>
              </value>
              <statement name="DO_OVER">
                <block type="setHTMLElemStyle" id="lAf{Ugi4a;BR:gI_MAJq">
                  <field name="PROPERTY">cursor</field>
                  <field name="PARENT">FALSE</field>
                  <value name="VALUE">
                    <block type="text" id="ghc18NXn9*L76fXqhsEI">
                      <field name="TEXT">pointer</field>
                    </block>
                  </value>
                  <value name="ID">
                    <block type="DOMObjectSelector" id="f=:L4[YbP@]ktpFX9i|1">
                      <field name="DOM_OBJECT">BODY</field>
                    </block>
                  </value>
                  <next>
                    <block type="outline" id="w`S20IeUP_re/XGA|qlf">
                      <field name="DO_WHAT">ENABLE</field>
                      <value name="TARGET">
                        <shadow type="objectList">
                          <field name="FIELDNAME">Door.001</field>
                        </shadow>
                        <block type="objectList" id="8iDa=Ws@5VP!@XudL?2f">
                          <field name="FIELDNAME">Door.003</field>
                        </block>
                      </value>
                    </block>
                  </next>
                </block>
              </statement>
              <statement name="DO_OUT">
                <block type="setHTMLElemStyle" id="9h:,lLtOv@LxP2UtJ*Jb">
                  <field name="PROPERTY">cursor</field>
                  <field name="PARENT">FALSE</field>
                  <value name="VALUE">
                    <block type="text" id="PwPy$Eli7{#C/uv~W|w}">
                      <field name="TEXT">default</field>
                    </block>
                  </value>
                  <value name="ID">
                    <block type="DOMObjectSelector" id="d,~9CFi3jx5z(P6Q.(*y">
                      <field name="DOM_OBJECT">BODY</field>
                    </block>
                  </value>
                  <next>
                    <block type="outline" id="_7AW~tl-!KgY0W,EnrB]">
                      <field name="DO_WHAT">DISABLE</field>
                      <value name="TARGET">
                        <shadow type="objectList">
                          <field name="FIELDNAME">Door.001</field>
                        </shadow>
                        <block type="objectList" id="dP;9yufr7;~aB;~Xdn}f">
                          <field name="FIELDNAME">Door.003</field>
                        </block>
                      </value>
                    </block>
                  </next>
                </block>
              </statement>
              <next>
                <block type="whenHovered" id="9#UZJ:Rl#!1;!=W)z]fP">
                  <mutation xmlns="http://www.w3.org/1999/xhtml" adveventoptions="false"></mutation>
                  <field name="X_RAY">FALSE</field>
                  <value name="VALUE">
                    <block type="objectList" id="uaAH_BN5VEe0eN=4jlhq">
                      <field name="FIELDNAME">Door.004</field>
                    </block>
                  </value>
                  <statement name="DO_OVER">
                    <block type="setHTMLElemStyle" id="(4P;6QtwhrJKrU|;ass^">
                      <field name="PROPERTY">cursor</field>
                      <field name="PARENT">FALSE</field>
                      <value name="VALUE">
                        <block type="text" id="`5r2zcK{|5qw.M52r@^=">
                          <field name="TEXT">pointer</field>
                        </block>
                      </value>
                      <value name="ID">
                        <block type="DOMObjectSelector" id="I@H]Djg+M%hj2$TML`Fr">
                          <field name="DOM_OBJECT">BODY</field>
                        </block>
                      </value>
                      <next>
                        <block type="outline" id="Q*Mhr?uQS7A)F8JF-6Yz">
                          <field name="DO_WHAT">ENABLE</field>
                          <value name="TARGET">
                            <shadow type="objectList">
                              <field name="FIELDNAME">Door.001</field>
                            </shadow>
                            <block type="objectList" id=":|rg*/B3?n)(H%CR23w}">
                              <field name="FIELDNAME">Door.004</field>
                            </block>
                          </value>
                        </block>
                      </next>
                    </block>
                  </statement>
                  <statement name="DO_OUT">
                    <block type="setHTMLElemStyle" id="CqJ#x.UPZ{/nj4$SMh^2">
                      <field name="PROPERTY">cursor</field>
                      <field name="PARENT">FALSE</field>
                      <value name="VALUE">
                        <block type="text" id="`--lbV;aR/ySOMzT^?b^">
                          <field name="TEXT">default</field>
                        </block>
                      </value>
                      <value name="ID">
                        <block type="DOMObjectSelector" id="Th)w+)`_kc2Pv6bVI7,g">
                          <field name="DOM_OBJECT">BODY</field>
                        </block>
                      </value>
                      <next>
                        <block type="outline" id="}PW$F0K;J3/gBs.ORLco">
                          <field name="DO_WHAT">DISABLE</field>
                          <value name="TARGET">
                            <shadow type="objectList">
                              <field name="FIELDNAME">Door.001</field>
                            </shadow>
                            <block type="objectList" id="B,7Hjb9giuC{N4|iVOqN">
                              <field name="FIELDNAME">Door.004</field>
                            </block>
                          </value>
                        </block>
                      </next>
                    </block>
                  </statement>
                  <next>
                    <block type="whenHovered" id="ON`8Uc:%x%H}=uge^S^K">
                      <mutation xmlns="http://www.w3.org/1999/xhtml" adveventoptions="false"></mutation>
                      <field name="X_RAY">FALSE</field>
                      <value name="VALUE">
                        <block type="objectList" id="Ski+SK?q3nm*eGZR!;5l">
                          <field name="FIELDNAME">Door.005</field>
                        </block>
                      </value>
                      <statement name="DO_OVER">
                        <block type="setHTMLElemStyle" id="A6G~#LUg.970J;W.KlH)">
                          <field name="PROPERTY">cursor</field>
                          <field name="PARENT">FALSE</field>
                          <value name="VALUE">
                            <block type="text" id="$}j6[oQP9{@-pT8~[]ML">
                              <field name="TEXT">pointer</field>
                            </block>
                          </value>
                          <value name="ID">
                            <block type="DOMObjectSelector" id="mkJ[$`F7;ge6%/}Hqog2">
                              <field name="DOM_OBJECT">BODY</field>
                            </block>
                          </value>
                          <next>
                            <block type="outline" id="8*d3u5$+{tyS.jO#ChE{">
                              <field name="DO_WHAT">ENABLE</field>
                              <value name="TARGET">
                                <shadow type="objectList">
                                  <field name="FIELDNAME">Door.001</field>
                                </shadow>
                                <block type="objectList" id="U`SmEmI+s5:=sH5H#7Sm">
                                  <field name="FIELDNAME">Door.005</field>
                                </block>
                              </value>
                            </block>
                          </next>
                        </block>
                      </statement>
                      <statement name="DO_OUT">
                        <block type="setHTMLElemStyle" id="a{_y}t5@R+2qN8EcL*Eb">
                          <field name="PROPERTY">cursor</field>
                          <field name="PARENT">FALSE</field>
                          <value name="VALUE">
                            <block type="text" id="R~cSV#YbQ$XYY:AH+vXh">
                              <field name="TEXT">default</field>
                            </block>
                          </value>
                          <value name="ID">
                            <block type="DOMObjectSelector" id="$u~[n%@Jg;d7tt:9D)NJ">
                              <field name="DOM_OBJECT">BODY</field>
                            </block>
                          </value>
                          <next>
                            <block type="outline" id="%@/|[`P=7GKW51G/v2Y1">
                              <field name="DO_WHAT">DISABLE</field>
                              <value name="TARGET">
                                <shadow type="objectList">
                                  <field name="FIELDNAME">Door.001</field>
                                </shadow>
                                <block type="objectList" id="PA#LyqHhb_@*+.u8NM*L">
                                  <field name="FIELDNAME">Door.005</field>
                                </block>
                              </value>
                            </block>
                          </next>
                        </block>
                      </statement>
                    </block>
                  </next>
                </block>
              </next>
            </block>
          </next>
        </block>
      </next>
    </block>
    <block xmlns="https://developers.google.com/blockly/xml" type="whenHovered" id="6WVuaKIQBVrO/CIXnG~:" x="-790" y="870">
      <mutation xmlns="http://www.w3.org/1999/xhtml" adveventoptions="false"></mutation>
      <field name="X_RAY">FALSE</field>
      <value name="VALUE">
        <block type="objectList" id=".N/Rx77r^vy@r!+qAP#o">
          <field name="FIELDNAME">Door.005</field>
        </block>
      </value>
      <statement name="DO_OVER">
        <block type="setHTMLElemStyle" id="![4A4*OW~Bof?!Kzq]9H">
          <field name="PROPERTY">cursor</field>
          <field name="PARENT">FALSE</field>
          <value name="VALUE">
            <block type="text" id="%3naFTG;6wY]m@;n!Kt9">
              <field name="TEXT">pointer</field>
            </block>
          </value>
          <value name="ID">
            <block type="DOMObjectSelector" id="Q^}YR8(CHGhH(|_CuLuS">
              <field name="DOM_OBJECT">BODY</field>
            </block>
          </value>
          <next>
            <block type="outline" id="P])5}hwu{v[k.$ve?a+c">
              <field name="DO_WHAT">ENABLE</field>
              <value name="TARGET">
                <shadow type="objectList">
                  <field name="FIELDNAME">Door.001</field>
                </shadow>
                <block type="objectList" id="Z|B.cs1Bv9S@t^mZFFRs">
                  <field name="FIELDNAME">Door.005</field>
                </block>
              </value>
            </block>
          </next>
        </block>
      </statement>
      <statement name="DO_OUT">
        <block type="setHTMLElemStyle" id="0r~bUqQmXlBod.`9e-NT">
          <field name="PROPERTY">cursor</field>
          <field name="PARENT">FALSE</field>
          <value name="VALUE">
            <block type="text" id="ONFKv,h$nQBN^dv=,(dV">
              <field name="TEXT">default</field>
            </block>
          </value>
          <value name="ID">
            <block type="DOMObjectSelector" id="0}p~21SH)P(4DY}HvhG`">
              <field name="DOM_OBJECT">BODY</field>
            </block>
          </value>
          <next>
            <block type="outline" id="glAvJhmC:iVgNU9+!HV0">
              <field name="DO_WHAT">DISABLE</field>
              <value name="TARGET">
                <shadow type="objectList">
                  <field name="FIELDNAME">Door.001</field>
                </shadow>
                <block type="objectList" id="(e7dQMRwQK)f(B/l-7ig">
                  <field name="FIELDNAME">Door.005</field>
                </block>
              </value>
            </block>
          </next>
        </block>
      </statement>
    </block>
    <block xmlns="https://developers.google.com/blockly/xml" type="eventHTMLElem" id="K1lIo?!qJ{K0~i8iCl6M" x="-770" y="1130">
      <field name="EVENT">mouseover</field>
      <field name="PARENT">TRUE</field>
      <value name="ID">
        <shadow type="text" id="bo`phE*!;M^;]@+:i$kI">
          <field name="TEXT">Color01</field>
        </shadow>
      </value>
      <statement name="DO">
        <block type="setHTMLElemStyle" id="pAU,,z4;iv$7-R.@a*~?">
          <field name="PROPERTY">cursor</field>
          <field name="PARENT">FALSE</field>
          <value name="VALUE">
            <block type="text" id="nY50D_o-(i6[IyjRLLSs">
              <field name="TEXT">pointer</field>
            </block>
          </value>
          <value name="ID">
            <block type="DOMObjectSelector" id="pz5g9kPHN1lNa3eBI1O/">
              <field name="DOM_OBJECT">CONTAINER</field>
            </block>
          </value>
          <next>
            <block type="outline" id="/_5UfK7R(#}ohp?UkWnV">
              <field name="DO_WHAT">ENABLE</field>
              <value name="TARGET">
                <shadow type="objectList">
                  <field name="FIELDNAME">Door.001</field>
                </shadow>
                <block type="text" id=")xBm}bB=1;7rA.{x~HyL">
                  <field name="TEXT">Color01</field>
                </block>
              </value>
            </block>
          </next>
        </block>
      </statement>
    </block>
  </tab>
  <editorsettings viewport-x="928" viewport-y="12" viewport-w="768" viewport-h="473.5" viewport-hidden="false" toolbox-library-mode="false" toolbox-minimized-mode="false"></editorsettings>
</xml>