<xml xmlns="http://www.w3.org/1999/xhtml">
  <tab name="init" type="InitTab" active="false" scrollx="1114.5983268433683" scrolly="292.4710683978624" scale="0.9070294784580498">
    <block xmlns="https://developers.google.com/blockly/xml" type="initSettings" id="8{l^$Y{2+i$G:1`aK5a;" x="-930" y="-410">
      <field name="LOAD_COMP_ASSETS">TRUE</field>
      <field name="FULLSCREEN">TRUE</field>
      <field name="BKG_TRANSPARENCY">FALSE</field>
      <field name="PRESERVE_DRAW_BUF">FALSE</field>
      <field name="FADE_ANNOTATIONS">TRUE</field>
    </block>
    <block xmlns="https://developers.google.com/blockly/xml" type="initPreloader" id="@5Ey-1,yG7$~N3#IpH;[" x="-990" y="-150">
      <statement name="DO_START">
        <block type="setHTMLElemStyle" id="o2gUgWAa;br~]0E?vg76">
          <field name="PROPERTY">display</field>
          <field name="PARENT">TRUE</field>
          <value name="VALUE">
            <block type="text" id="}oc0q9QfKT6JjVNAG$gw">
              <field name="TEXT">none</field>
            </block>
          </value>
          <value name="ID">
            <shadow type="text" id="NrmWMJ`A/fNlX|o.uJP!">
              <field name="TEXT">Color01Text</field>
            </shadow>
          </value>
          <next>
            <block type="setHTMLElemStyle" id="l`Z8o?h%X8|]zk4Yh%Pb">
              <field name="PROPERTY">display</field>
              <field name="PARENT">TRUE</field>
              <value name="VALUE">
                <block type="text" id="mIT=%wue[+wSQCX:q84j">
                  <field name="TEXT">none</field>
                </block>
              </value>
              <value name="ID">
                <shadow type="text" id="i!ZO:0YrToE-Jl#cXkLw">
                  <field name="TEXT">Color02Text</field>
                </shadow>
              </value>
              <next>
                <block type="setHTMLElemStyle" id="]/69Qn}_F`R5V6n5Fj-/">
                  <field name="PROPERTY">display</field>
                  <field name="PARENT">TRUE</field>
                  <value name="VALUE">
                    <block type="text" id="h%yTk[6(7b_vz)%W*7Sy">
                      <field name="TEXT">none</field>
                    </block>
                  </value>
                  <value name="ID">
                    <shadow type="text" id="|%iW_s}vkZl)61^|65c*">
                      <field name="TEXT">Color03Text</field>
                    </shadow>
                  </value>
                  <next>
                    <block type="setHTMLElemStyle" id=";jCH1IG#Ik7o4-w5_.E;">
                      <field name="PROPERTY">display</field>
                      <field name="PARENT">TRUE</field>
                      <value name="VALUE">
                        <block type="text" id="t1Xf{DcGjam,ZSUX7mS:">
                          <field name="TEXT">none</field>
                        </block>
                      </value>
                      <value name="ID">
                        <shadow type="text" id="2u*-MJKW:yI@|4neGmTh">
                          <field name="TEXT">LG01Text</field>
                        </shadow>
                      </value>
                      <next>
                        <block type="setHTMLElemStyle" id="NT%(!@X5H(`D/C]H!!.v">
                          <field name="PROPERTY">display</field>
                          <field name="PARENT">TRUE</field>
                          <value name="VALUE">
                            <block type="text" id="niNou[0,[$iXp}4DNkw#">
                              <field name="TEXT">none</field>
                            </block>
                          </value>
                          <value name="ID">
                            <shadow type="text" id="^]Tah7vdSi29A[[Q}D,8">
                              <field name="TEXT">LG02Text</field>
                            </shadow>
                          </value>
                          <next>
                            <block type="setHTMLElemStyle" id="3#(|VbPX_q)Tl{Wd^MvA">
                              <field name="PROPERTY">display</field>
                              <field name="PARENT">TRUE</field>
                              <value name="VALUE">
                                <block type="text" id="V(G.CeU$B[D?!|c_(u?$">
                                  <field name="TEXT">none</field>
                                </block>
                              </value>
                              <value name="ID">
                                <shadow type="text" id="c+J-jPX4h-t)]v2:4}lP">
                                  <field name="TEXT">LG03Text</field>
                                </shadow>
                              </value>
                            </block>
                          </next>
                        </block>
                      </next>
                    </block>
                  </next>
                </block>
              </next>
            </block>
          </next>
        </block>
      </statement>
    </block>
  </tab>
  <tab name="main" type="MainTab" active="true" scrollx="-1313" scrolly="-1707" scale="1">
    <variables xmlns="https://developers.google.com/blockly/xml">
      <variable id="I!|QhK6M;e`l?$C@b!XF" type="">LG01</variable>
      <variable id="]?Vs3N$@Y6kF,OP$;}?A" type="">LT</variable>
      <variable id="Bc:+!p3ntV%vMU`QwFDJ" type="">flag01</variable>
      <variable id="wagZM#J7z@FT|i[=@8Q8" type="">flag02</variable>
      <variable id="8VfBJ@ug:Ra(ws);ce%X" type="">flag03</variable>
      <variable id="{R6An1-EN?ITwQG1UYE)" type="">flag04</variable>
      <variable id="6Z^1K.Br}I!Xn(iWOfj*" type="">flag05</variable>
      <variable id="Xq1@1ZCj)Xj,IcQOmiJ%" type="">ClickedCount</variable>
      <variable id="E4s8h.Uk0I{zF3CsxK=H" type="">LG02</variable>
      <variable id="ORhs`d6#Iabs}j+;N`Z^" type="">LG03</variable>
    </variables>
    <block xmlns="https://developers.google.com/blockly/xml" type="whenHovered" id="z_]eQ`H_l#MN*:-rA_G~" x="-770" y="10">
      <mutation xmlns="http://www.w3.org/1999/xhtml" adveventoptions="false"></mutation>
      <field name="X_RAY">FALSE</field>
      <value name="VALUE">
        <block type="objectList" id="i,N|tN#867[7zZGqMqdW">
          <field name="FIELDNAME">trigger_engine_swithcer</field>
        </block>
      </value>
      <statement name="DO_OVER">
        <block type="setHTMLElemStyle" id="N]yr.,Pt|vRxEEb#4uzJ">
          <field name="PROPERTY">cursor</field>
          <field name="PARENT">FALSE</field>
          <value name="VALUE">
            <block type="text" id="?Ao9c60y_bsg,3df(Vs=">
              <field name="TEXT">pointer</field>
            </block>
          </value>
          <value name="ID">
            <block type="DOMObjectSelector" id="0h?8g!pU3.3w1`!+Huyz">
              <field name="DOM_OBJECT">BODY</field>
            </block>
          </value>
          <next>
            <block type="outline" id="FLf)uN2mr?c`.QK#P0RE">
              <field name="DO_WHAT">ENABLE</field>
              <value name="TARGET">
                <shadow type="objectList">
                  <field name="FIELDNAME">Door.001</field>
                </shadow>
                <block type="objectList" id="XGXh9;f9Bdcpn?W84qN{">
                  <field name="FIELDNAME">trigger_engine_swithcer</field>
                </block>
              </value>
            </block>
          </next>
        </block>
      </statement>
      <statement name="DO_OUT">
        <block type="setHTMLElemStyle" id="pc_o*]RnGjO*+|EB4([.">
          <field name="PROPERTY">cursor</field>
          <field name="PARENT">FALSE</field>
          <value name="VALUE">
            <block type="text" id="ziSm2W:H:}dT-R$=#QF=">
              <field name="TEXT">default</field>
            </block>
          </value>
          <value name="ID">
            <block type="DOMObjectSelector" id="nn5ng2o,sPP@N56{L^54">
              <field name="DOM_OBJECT">BODY</field>
            </block>
          </value>
          <next>
            <block type="outline" id="9peqf*p2/fz%KPprHd[R">
              <field name="DO_WHAT">DISABLE</field>
              <value name="TARGET">
                <shadow type="objectList">
                  <field name="FIELDNAME">Door.001</field>
                </shadow>
                <block type="objectList" id="i!Q]F[A~J}r-NuhQW+g~">
                  <field name="FIELDNAME">trigger_engine_swithcer</field>
                </block>
              </value>
            </block>
          </next>
        </block>
      </statement>
      <next>
        <block type="whenHovered" id="bFwEf=*^-ywfX-KsW^5j">
          <mutation xmlns="http://www.w3.org/1999/xhtml" adveventoptions="false"></mutation>
          <field name="X_RAY">FALSE</field>
          <value name="VALUE">
            <block type="objectList" id="]5)Fv}+T^e1Zh[8vuXVj">
              <field name="FIELDNAME">trigger_front_lights</field>
            </block>
          </value>
          <statement name="DO_OVER">
            <block type="setHTMLElemStyle" id="gkbB]N|zp@DBQYV*O`~h">
              <field name="PROPERTY">cursor</field>
              <field name="PARENT">FALSE</field>
              <value name="VALUE">
                <block type="text" id="/=uLhLx*+]^?`#(jH]%q">
                  <field name="TEXT">pointer</field>
                </block>
              </value>
              <value name="ID">
                <block type="DOMObjectSelector" id="pE6yPF(F9m_p4@~u}N}r">
                  <field name="DOM_OBJECT">BODY</field>
                </block>
              </value>
              <next>
                <block type="outline" id=",j5xg#ZvmQqlV+J{0W$Y">
                  <field name="DO_WHAT">ENABLE</field>
                  <value name="TARGET">
                    <shadow type="objectList">
                      <field name="FIELDNAME">Door.001</field>
                    </shadow>
                    <block type="objectList" id="5?B].:f5s#wdqdh:qVv@">
                      <field name="FIELDNAME">trigger_front_lights</field>
                    </block>
                  </value>
                </block>
              </next>
            </block>
          </statement>
          <statement name="DO_OUT">
            <block type="setHTMLElemStyle" id="nMyWU)e1Nj3J6L_v^WC]">
              <field name="PROPERTY">cursor</field>
              <field name="PARENT">FALSE</field>
              <value name="VALUE">
                <block type="text" id="$B6M`F8My,AfQV:gXJyY">
                  <field name="TEXT">default</field>
                </block>
              </value>
              <value name="ID">
                <block type="DOMObjectSelector" id="}($1+I1~sJ;sQHY~ND2f">
                  <field name="DOM_OBJECT">BODY</field>
                </block>
              </value>
              <next>
                <block type="outline" id="/8XVF)QCH=ztlY]3r$Hk">
                  <field name="DO_WHAT">DISABLE</field>
                  <value name="TARGET">
                    <shadow type="objectList">
                      <field name="FIELDNAME">Door.001</field>
                    </shadow>
                    <block type="objectList" id="Cqkii=nU]2KpHA?D*WpP">
                      <field name="FIELDNAME">trigger_front_lights</field>
                    </block>
                  </value>
                </block>
              </next>
            </block>
          </statement>
          <next>
            <block type="whenHovered" id="l0(UIz-j,,Tb}##t#Fss">
              <mutation xmlns="http://www.w3.org/1999/xhtml" adveventoptions="false"></mutation>
              <field name="X_RAY">FALSE</field>
              <value name="VALUE">
                <block type="objectList" id="I1[^.oL_k{V+[nJvWU%:">
                  <field name="FIELDNAME">trigger_horn</field>
                </block>
              </value>
              <statement name="DO_OVER">
                <block type="setHTMLElemStyle" id="NxsK0LS`B3{hk}A6ztE0">
                  <field name="PROPERTY">cursor</field>
                  <field name="PARENT">FALSE</field>
                  <value name="VALUE">
                    <block type="text" id="j(cmKgt^r[1*hDV@)?Cm">
                      <field name="TEXT">pointer</field>
                    </block>
                  </value>
                  <value name="ID">
                    <block type="DOMObjectSelector" id="-*[}dHx0ivmeIrQ^JR}{">
                      <field name="DOM_OBJECT">BODY</field>
                    </block>
                  </value>
                  <next>
                    <block type="outline" id="8jmH{~`d{OCIWjy:P+MG">
                      <field name="DO_WHAT">ENABLE</field>
                      <value name="TARGET">
                        <shadow type="objectList">
                          <field name="FIELDNAME">Door.001</field>
                        </shadow>
                        <block type="objectList" id="V2?LCpm@^:+09aLJA9X0">
                          <field name="FIELDNAME">trigger_horn</field>
                        </block>
                      </value>
                    </block>
                  </next>
                </block>
              </statement>
              <statement name="DO_OUT">
                <block type="setHTMLElemStyle" id="qm3?RIe]B4R+X3=`RL@T">
                  <field name="PROPERTY">cursor</field>
                  <field name="PARENT">FALSE</field>
                  <value name="VALUE">
                    <block type="text" id="nUp(LYDU232e}f[Z*!3%">
                      <field name="TEXT">default</field>
                    </block>
                  </value>
                  <value name="ID">
                    <block type="DOMObjectSelector" id="*+;~h^byiovZ!lWOG0H[">
                      <field name="DOM_OBJECT">BODY</field>
                    </block>
                  </value>
                  <next>
                    <block type="outline" id="Q1z%p7KMhmO?5a;l#L3G">
                      <field name="DO_WHAT">DISABLE</field>
                      <value name="TARGET">
                        <shadow type="objectList">
                          <field name="FIELDNAME">Door.001</field>
                        </shadow>
                        <block type="objectList" id="Jd?6I={n6eXHTi!v.*iy">
                          <field name="FIELDNAME">trigger_horn</field>
                        </block>
                      </value>
                    </block>
                  </next>
                </block>
              </statement>
              <next>
                <block type="whenHovered" id="d?z}~}-MPuJ];+_mEWw*">
                  <mutation xmlns="http://www.w3.org/1999/xhtml" adveventoptions="false"></mutation>
                  <field name="X_RAY">FALSE</field>
                  <value name="VALUE">
                    <block type="objectList" id="F*[-``5o;1o-[((IjSaV">
                      <field name="FIELDNAME">trigger_side_footboard</field>
                    </block>
                  </value>
                  <statement name="DO_OVER">
                    <block type="setHTMLElemStyle" id="r9zUKY}5oEL:BD9.0AmD">
                      <field name="PROPERTY">cursor</field>
                      <field name="PARENT">FALSE</field>
                      <value name="VALUE">
                        <block type="text" id="::7~]@%@@X]gP;A[/c/?">
                          <field name="TEXT">pointer</field>
                        </block>
                      </value>
                      <value name="ID">
                        <block type="DOMObjectSelector" id="A3De!7eN+SNm.^rG?6Gm">
                          <field name="DOM_OBJECT">BODY</field>
                        </block>
                      </value>
                      <next>
                        <block type="outline" id="gGuO8a4Pz=v#]($i:_A*">
                          <field name="DO_WHAT">ENABLE</field>
                          <value name="TARGET">
                            <shadow type="objectList">
                              <field name="FIELDNAME">Door.001</field>
                            </shadow>
                            <block type="objectList" id="PVA@Uftsh2WwG48~D/n5">
                              <field name="FIELDNAME">trigger_side_footboard</field>
                            </block>
                          </value>
                        </block>
                      </next>
                    </block>
                  </statement>
                  <statement name="DO_OUT">
                    <block type="setHTMLElemStyle" id="cZYm7[`pGg#hkU0Zi09i">
                      <field name="PROPERTY">cursor</field>
                      <field name="PARENT">FALSE</field>
                      <value name="VALUE">
                        <block type="text" id="Pv^Lc8y.6@)(Is%95qQn">
                          <field name="TEXT">default</field>
                        </block>
                      </value>
                      <value name="ID">
                        <block type="DOMObjectSelector" id="}S#8|J-9iLlwEe`5#jcm">
                          <field name="DOM_OBJECT">BODY</field>
                        </block>
                      </value>
                      <next>
                        <block type="outline" id="Nq`bwYdr]zcA8v.--,Uf">
                          <field name="DO_WHAT">DISABLE</field>
                          <value name="TARGET">
                            <shadow type="objectList">
                              <field name="FIELDNAME">Door.001</field>
                            </shadow>
                            <block type="objectList" id="NtLK+daPkrFY_q6|w,%K">
                              <field name="FIELDNAME">trigger_side_footboard</field>
                            </block>
                          </value>
                        </block>
                      </next>
                    </block>
                  </statement>
                </block>
              </next>
            </block>
          </next>
        </block>
      </next>
    </block>
    <block xmlns="https://developers.google.com/blockly/xml" type="whenHovered" id="0W#_P$2;0k(-jy{zwxU4" x="10" y="10">
      <mutation xmlns="http://www.w3.org/1999/xhtml" adveventoptions="false"></mutation>
      <field name="X_RAY">FALSE</field>
      <value name="VALUE">
        <block type="objectList" id="p$PthKd2Pm+vsW7;=m2U">
          <field name="FIELDNAME">Door.001</field>
        </block>
      </value>
      <statement name="DO_OVER">
        <block type="setHTMLElemStyle" id="]n?)MNqSWtaUOGT8onV5">
          <field name="PROPERTY">cursor</field>
          <field name="PARENT">FALSE</field>
          <value name="VALUE">
            <block type="text" id="[YhT.Nx%Rzwrb#Fpm{X.">
              <field name="TEXT">pointer</field>
            </block>
          </value>
          <value name="ID">
            <block type="DOMObjectSelector" id="Nw]Q;ZJL{9~T!i}_O[ti">
              <field name="DOM_OBJECT">BODY</field>
            </block>
          </value>
          <next>
            <block type="outline" id="BC2g-?!}kwT9o8;0`Y1@">
              <field name="DO_WHAT">ENABLE</field>
              <value name="TARGET">
                <shadow type="objectList" id="Z;G/m=@nJL`Jb6u6BqQ}">
                  <field name="FIELDNAME">Door.001</field>
                </shadow>
                <block type="objectList" id="nz@`@cl8-d`DQ:4pzx4F">
                  <field name="FIELDNAME">Door.001</field>
                </block>
              </value>
            </block>
          </next>
        </block>
      </statement>
      <statement name="DO_OUT">
        <block type="setHTMLElemStyle" id="ejK_;SU8$#-g4DZ=tw1F">
          <field name="PROPERTY">cursor</field>
          <field name="PARENT">FALSE</field>
          <value name="VALUE">
            <block type="text" id="fKhjyLi=[,O{Qov|HO[+">
              <field name="TEXT">default</field>
            </block>
          </value>
          <value name="ID">
            <block type="DOMObjectSelector" id="=IZ3:JLtEP/Ab?:0{Lu0">
              <field name="DOM_OBJECT">BODY</field>
            </block>
          </value>
          <next>
            <block type="outline" id="XgdLuvlvInRX?8K=jx~t">
              <field name="DO_WHAT">DISABLE</field>
              <value name="TARGET">
                <shadow type="objectList" id="ZW/D*tX7$sO;26^j2{Wq">
                  <field name="FIELDNAME">Door.001</field>
                </shadow>
                <block type="objectList" id="=K]@MBk%!5%]ZVF_a$0w">
                  <field name="FIELDNAME">Door.001</field>
                </block>
              </value>
            </block>
          </next>
        </block>
      </statement>
      <next>
        <block type="whenHovered" id="v#;IViq:P:KsbKHXRvGL">
          <mutation xmlns="http://www.w3.org/1999/xhtml" adveventoptions="false"></mutation>
          <field name="X_RAY">FALSE</field>
          <value name="VALUE">
            <block type="objectList" id="JjQglt^|i:*c4t{L7`Tr">
              <field name="FIELDNAME">Door.002</field>
            </block>
          </value>
          <statement name="DO_OVER">
            <block type="setHTMLElemStyle" id="gH~Y1gizGFh_4Sk?pQ`A">
              <field name="PROPERTY">cursor</field>
              <field name="PARENT">FALSE</field>
              <value name="VALUE">
                <block type="text" id="m~2Kh5pQQHV5J@`T3hpM">
                  <field name="TEXT">pointer</field>
                </block>
              </value>
              <value name="ID">
                <block type="DOMObjectSelector" id="^tH-0ZPi}0dO[rGnt2ZF">
                  <field name="DOM_OBJECT">BODY</field>
                </block>
              </value>
              <next>
                <block type="outline" id="o2JM8-64OQR++7/`@qQA">
                  <field name="DO_WHAT">ENABLE</field>
                  <value name="TARGET">
                    <shadow type="objectList">
                      <field name="FIELDNAME">Door.001</field>
                    </shadow>
                    <block type="objectList" id="x{u5tC^PqJIw!XsLDST+">
                      <field name="FIELDNAME">Door.002</field>
                    </block>
                  </value>
                </block>
              </next>
            </block>
          </statement>
          <statement name="DO_OUT">
            <block type="setHTMLElemStyle" id="TP~damLk:6N}k|U+,^o*">
              <field name="PROPERTY">cursor</field>
              <field name="PARENT">FALSE</field>
              <value name="VALUE">
                <block type="text" id="5Vs#]{DkOGu+{aBGlB$%">
                  <field name="TEXT">default</field>
                </block>
              </value>
              <value name="ID">
                <block type="DOMObjectSelector" id="F;KBBq$AR*7[Y-92$0(:">
                  <field name="DOM_OBJECT">BODY</field>
                </block>
              </value>
              <next>
                <block type="outline" id="{Ab@?a*SE~zUOV%jP-4C">
                  <field name="DO_WHAT">DISABLE</field>
                  <value name="TARGET">
                    <shadow type="objectList">
                      <field name="FIELDNAME">Door.001</field>
                    </shadow>
                    <block type="objectList" id="U]@_9MmQNC=ZwKN%U,l_">
                      <field name="FIELDNAME">Door.002</field>
                    </block>
                  </value>
                </block>
              </next>
            </block>
          </statement>
          <next>
            <block type="whenHovered" id="g6$+gT).eA5RapTqVYX2">
              <mutation xmlns="http://www.w3.org/1999/xhtml" adveventoptions="false"></mutation>
              <field name="X_RAY">FALSE</field>
              <value name="VALUE">
                <block type="objectList" id="}cHjRM^AP5Y![zx$d|4B">
                  <field name="FIELDNAME">Door.003</field>
                </block>
              </value>
              <statement name="DO_OVER">
                <block type="setHTMLElemStyle" id="lAf{Ugi4a;BR:gI_MAJq">
                  <field name="PROPERTY">cursor</field>
                  <field name="PARENT">FALSE</field>
                  <value name="VALUE">
                    <block type="text" id="ghc18NXn9*L76fXqhsEI">
                      <field name="TEXT">pointer</field>
                    </block>
                  </value>
                  <value name="ID">
                    <block type="DOMObjectSelector" id="f=:L4[YbP@]ktpFX9i|1">
                      <field name="DOM_OBJECT">BODY</field>
                    </block>
                  </value>
                  <next>
                    <block type="outline" id="w`S20IeUP_re/XGA|qlf">
                      <field name="DO_WHAT">ENABLE</field>
                      <value name="TARGET">
                        <shadow type="objectList">
                          <field name="FIELDNAME">Door.001</field>
                        </shadow>
                        <block type="objectList" id="8iDa=Ws@5VP!@XudL?2f">
                          <field name="FIELDNAME">Door.003</field>
                        </block>
                      </value>
                    </block>
                  </next>
                </block>
              </statement>
              <statement name="DO_OUT">
                <block type="setHTMLElemStyle" id="9h:,lLtOv@LxP2UtJ*Jb">
                  <field name="PROPERTY">cursor</field>
                  <field name="PARENT">FALSE</field>
                  <value name="VALUE">
                    <block type="text" id="PwPy$Eli7{#C/uv~W|w}">
                      <field name="TEXT">default</field>
                    </block>
                  </value>
                  <value name="ID">
                    <block type="DOMObjectSelector" id="d,~9CFi3jx5z(P6Q.(*y">
                      <field name="DOM_OBJECT">BODY</field>
                    </block>
                  </value>
                  <next>
                    <block type="outline" id="_7AW~tl-!KgY0W,EnrB]">
                      <field name="DO_WHAT">DISABLE</field>
                      <value name="TARGET">
                        <shadow type="objectList">
                          <field name="FIELDNAME">Door.001</field>
                        </shadow>
                        <block type="objectList" id="dP;9yufr7;~aB;~Xdn}f">
                          <field name="FIELDNAME">Door.003</field>
                        </block>
                      </value>
                    </block>
                  </next>
                </block>
              </statement>
              <next>
                <block type="whenHovered" id="9#UZJ:Rl#!1;!=W)z]fP">
                  <mutation xmlns="http://www.w3.org/1999/xhtml" adveventoptions="false"></mutation>
                  <field name="X_RAY">FALSE</field>
                  <value name="VALUE">
                    <block type="objectList" id="uaAH_BN5VEe0eN=4jlhq">
                      <field name="FIELDNAME">Door.004</field>
                    </block>
                  </value>
                  <statement name="DO_OVER">
                    <block type="setHTMLElemStyle" id="(4P;6QtwhrJKrU|;ass^">
                      <field name="PROPERTY">cursor</field>
                      <field name="PARENT">FALSE</field>
                      <value name="VALUE">
                        <block type="text" id="`5r2zcK{|5qw.M52r@^=">
                          <field name="TEXT">pointer</field>
                        </block>
                      </value>
                      <value name="ID">
                        <block type="DOMObjectSelector" id="I@H]Djg+M%hj2$TML`Fr">
                          <field name="DOM_OBJECT">BODY</field>
                        </block>
                      </value>
                      <next>
                        <block type="outline" id="Q*Mhr?uQS7A)F8JF-6Yz">
                          <field name="DO_WHAT">ENABLE</field>
                          <value name="TARGET">
                            <shadow type="objectList">
                              <field name="FIELDNAME">Door.001</field>
                            </shadow>
                            <block type="objectList" id=":|rg*/B3?n)(H%CR23w}">
                              <field name="FIELDNAME">Door.004</field>
                            </block>
                          </value>
                        </block>
                      </next>
                    </block>
                  </statement>
                  <statement name="DO_OUT">
                    <block type="setHTMLElemStyle" id="CqJ#x.UPZ{/nj4$SMh^2">
                      <field name="PROPERTY">cursor</field>
                      <field name="PARENT">FALSE</field>
                      <value name="VALUE">
                        <block type="text" id="`--lbV;aR/ySOMzT^?b^">
                          <field name="TEXT">default</field>
                        </block>
                      </value>
                      <value name="ID">
                        <block type="DOMObjectSelector" id="Th)w+)`_kc2Pv6bVI7,g">
                          <field name="DOM_OBJECT">BODY</field>
                        </block>
                      </value>
                      <next>
                        <block type="outline" id="}PW$F0K;J3/gBs.ORLco">
                          <field name="DO_WHAT">DISABLE</field>
                          <value name="TARGET">
                            <shadow type="objectList">
                              <field name="FIELDNAME">Door.001</field>
                            </shadow>
                            <block type="objectList" id="B,7Hjb9giuC{N4|iVOqN">
                              <field name="FIELDNAME">Door.004</field>
                            </block>
                          </value>
                        </block>
                      </next>
                    </block>
                  </statement>
                  <next>
                    <block type="whenHovered" id="ON`8Uc:%x%H}=uge^S^K">
                      <mutation xmlns="http://www.w3.org/1999/xhtml" adveventoptions="false"></mutation>
                      <field name="X_RAY">FALSE</field>
                      <value name="VALUE">
                        <block type="objectList" id="Ski+SK?q3nm*eGZR!;5l">
                          <field name="FIELDNAME">Door.005</field>
                        </block>
                      </value>
                      <statement name="DO_OVER">
                        <block type="setHTMLElemStyle" id="A6G~#LUg.970J;W.KlH)">
                          <field name="PROPERTY">cursor</field>
                          <field name="PARENT">FALSE</field>
                          <value name="VALUE">
                            <block type="text" id="$}j6[oQP9{@-pT8~[]ML">
                              <field name="TEXT">pointer</field>
                            </block>
                          </value>
                          <value name="ID">
                            <block type="DOMObjectSelector" id="mkJ[$`F7;ge6%/}Hqog2">
                              <field name="DOM_OBJECT">BODY</field>
                            </block>
                          </value>
                          <next>
                            <block type="outline" id="8*d3u5$+{tyS.jO#ChE{">
                              <field name="DO_WHAT">ENABLE</field>
                              <value name="TARGET">
                                <shadow type="objectList">
                                  <field name="FIELDNAME">Door.001</field>
                                </shadow>
                                <block type="objectList" id="U`SmEmI+s5:=sH5H#7Sm">
                                  <field name="FIELDNAME">Door.005</field>
                                </block>
                              </value>
                            </block>
                          </next>
                        </block>
                      </statement>
                      <statement name="DO_OUT">
                        <block type="setHTMLElemStyle" id="a{_y}t5@R+2qN8EcL*Eb">
                          <field name="PROPERTY">cursor</field>
                          <field name="PARENT">FALSE</field>
                          <value name="VALUE">
                            <block type="text" id="R~cSV#YbQ$XYY:AH+vXh">
                              <field name="TEXT">default</field>
                            </block>
                          </value>
                          <value name="ID">
                            <block type="DOMObjectSelector" id="$u~[n%@Jg;d7tt:9D)NJ">
                              <field name="DOM_OBJECT">BODY</field>
                            </block>
                          </value>
                          <next>
                            <block type="outline" id="%@/|[`P=7GKW51G/v2Y1">
                              <field name="DO_WHAT">DISABLE</field>
                              <value name="TARGET">
                                <shadow type="objectList">
                                  <field name="FIELDNAME">Door.001</field>
                                </shadow>
                                <block type="objectList" id="PA#LyqHhb_@*+.u8NM*L">
                                  <field name="FIELDNAME">Door.005</field>
                                </block>
                              </value>
                            </block>
                          </next>
                        </block>
                      </statement>
                    </block>
                  </next>
                </block>
              </next>
            </block>
          </next>
        </block>
      </next>
    </block>
    <block xmlns="https://developers.google.com/blockly/xml" type="variables_set" id="patdXYkpO?@DfTQwJ%HG" x="1070" y="10">
      <field name="VAR" id="I!|QhK6M;e`l?$C@b!XF">LG01</field>
      <value name="VALUE">
        <block type="lists_create_with" id="I:ARo}*qxz.7f.l=c[Y}">
          <mutation items="4"/>
          <value name="ADD0">
            <block type="objectList" id="EZ@eh#K2aAM4qjOZ]]6t">
              <field name="FIELDNAME">LG01.001</field>
            </block>
          </value>
          <value name="ADD1">
            <block type="objectList" id="|:!PcPMdDX*8e%|M^)yF">
              <field name="FIELDNAME">LG01.002</field>
            </block>
          </value>
          <value name="ADD2">
            <block type="objectList" id="+SFj$H0T0nS@Wk!vhbzN">
              <field name="FIELDNAME">LG01.003</field>
            </block>
          </value>
          <value name="ADD3">
            <block type="objectList" id="q{s-{h-eA[w/64=JX/:9">
              <field name="FIELDNAME">LG01.004</field>
            </block>
          </value>
        </block>
      </value>
      <next>
        <block type="variables_set" id="qv7nN3/SNVbXhU$}I?Z4">
          <field name="VAR" id="E4s8h.Uk0I{zF3CsxK=H">LG02</field>
          <value name="VALUE">
            <block type="lists_create_with" id="$#-W%@#DH;`-4pH5g;]C">
              <mutation items="4"/>
              <value name="ADD0">
                <block type="objectList" id=")+b{!TOJc/nYPJLT(6n3">
                  <field name="FIELDNAME">LG02.001</field>
                </block>
              </value>
              <value name="ADD1">
                <block type="objectList" id="!j$#$OzA@/5ao+:f5MSm">
                  <field name="FIELDNAME">LG02.002</field>
                </block>
              </value>
              <value name="ADD2">
                <block type="objectList" id="I08|$fx?(#Xv0P3whe?4">
                  <field name="FIELDNAME">LG02.003</field>
                </block>
              </value>
              <value name="ADD3">
                <block type="objectList" id="`PMFUiAl]@zpm2BeL}WM">
                  <field name="FIELDNAME">LG02.004</field>
                </block>
              </value>
            </block>
          </value>
          <next>
            <block type="variables_set" id="bgf;tkB$^@K[_!P35x!c">
              <field name="VAR" id="ORhs`d6#Iabs}j+;N`Z^">LG03</field>
              <value name="VALUE">
                <block type="lists_create_with" id="d=X/lN~e$@?@4Io.*[.c">
                  <mutation items="4"/>
                  <value name="ADD0">
                    <block type="objectList" id="/AKj508rhqt7H-:#tM|d">
                      <field name="FIELDNAME">LG03.001</field>
                    </block>
                  </value>
                  <value name="ADD1">
                    <block type="objectList" id="uQ*vQMF-sz~G#)ElNvV5">
                      <field name="FIELDNAME">LG03.002</field>
                    </block>
                  </value>
                  <value name="ADD2">
                    <block type="objectList" id="].F!d.}iKGeds!6[AVOR">
                      <field name="FIELDNAME">LG03.003</field>
                    </block>
                  </value>
                  <value name="ADD3">
                    <block type="objectList" id="/^vZj[{GDF$56y6P[s.W">
                      <field name="FIELDNAME">LG03.004</field>
                    </block>
                  </value>
                </block>
              </value>
              <next>
                <block type="hide" id="wts^ZY^HnhQ~NcsR)=_|">
                  <value name="VALUE">
                    <shadow type="objectList">
                      <field name="FIELDNAME">&lt;none&gt;</field>
                    </shadow>
                    <block type="variables_get" id="1E?b=cF7!U_g*G-Y||(D">
                      <field name="VAR" id="E4s8h.Uk0I{zF3CsxK=H">LG02</field>
                    </block>
                  </value>
                  <next>
                    <block type="hide" id="1Bq]IlX6(^GC:J#1bU2`">
                      <value name="VALUE">
                        <shadow type="objectList">
                          <field name="FIELDNAME">&lt;none&gt;</field>
                        </shadow>
                        <block type="variables_get" id="m$7F~Y2(o:r3TtR*i/2$">
                          <field name="VAR" id="ORhs`d6#Iabs}j+;N`Z^">LG03</field>
                        </block>
                      </value>
                    </block>
                  </next>
                </block>
              </next>
            </block>
          </next>
        </block>
      </next>
    </block>
    <block xmlns="https://developers.google.com/blockly/xml" type="variables_set" id="]VsHtq?qKo)V!!{.TihT" x="1690" y="30">
      <field name="VAR" id="]?Vs3N$@Y6kF,OP$;}?A">LT</field>
      <value name="VALUE">
        <block type="lists_create_with" id="tcp+@4$To]h^VQ,9XvZj">
          <mutation items="7"/>
          <value name="ADD0">
            <block type="objectList" id="ka%R6x#fAzIkZbmw8IJ7">
              <field name="FIELDNAME">LT.001</field>
            </block>
          </value>
          <value name="ADD1">
            <block type="objectList" id="Gu;H`+h1GGa5OPAcZbb$">
              <field name="FIELDNAME">LT.002</field>
            </block>
          </value>
          <value name="ADD2">
            <block type="objectList" id="E%U`,breoj!1GLug9pMN">
              <field name="FIELDNAME">LT.003</field>
            </block>
          </value>
          <value name="ADD3">
            <block type="objectList" id="kDe8yi9K|ELV05|6z-b(">
              <field name="FIELDNAME">LT.004</field>
            </block>
          </value>
          <value name="ADD4">
            <block type="variables_get" id="XzYJ]JBM2Kn=P^k5P?%?">
              <field name="VAR" id="I!|QhK6M;e`l?$C@b!XF">LG01</field>
            </block>
          </value>
          <value name="ADD5">
            <block type="variables_get" id="=PP8iH3n.e.~a9DB|n3V">
              <field name="VAR" id="E4s8h.Uk0I{zF3CsxK=H">LG02</field>
            </block>
          </value>
          <value name="ADD6">
            <block type="variables_get" id="reP%TY`MlTrwwF2Sd%9K">
              <field name="VAR" id="ORhs`d6#Iabs}j+;N`Z^">LG03</field>
            </block>
          </value>
        </block>
      </value>
    </block>
    <block xmlns="https://developers.google.com/blockly/xml" type="variables_set" id="tIC**3[*SRt~lW2+%Oub" x="1770" y="370">
      <field name="VAR" id="Bc:+!p3ntV%vMU`QwFDJ">flag01</field>
      <value name="VALUE">
        <block type="logic_boolean" id="E:zD0[BNY7LG?~7*Yh?s">
          <field name="BOOL">TRUE</field>
        </block>
      </value>
      <next>
        <block type="whenClicked" id="m#gNJFe8vw0j,in].^}K">
          <mutation xmlns="http://www.w3.org/1999/xhtml" adveventoptions="false" enableifmissed="false"></mutation>
          <field name="X_RAY">FALSE</field>
          <field name="DOUBLE_CLICK">FALSE</field>
          <field name="LEFT_BUTTON">TRUE</field>
          <field name="MIDDLE_BUTTON">TRUE</field>
          <field name="RIGHT_BUTTON">TRUE</field>
          <value name="VALUE">
            <shadow type="objectList" id="4a{|v3R,k{Sq}ZLNSkmj">
              <field name="FIELDNAME">Door.001</field>
            </shadow>
          </value>
          <statement name="DO">
            <block type="controls_if" id="}/fJMRl$mB-~NseL,[6F">
              <mutation else="1"/>
              <value name="IF0">
                <block type="variables_get" id="yI2W{u.9sG7M_x#(egx^">
                  <field name="VAR" id="Bc:+!p3ntV%vMU`QwFDJ">flag01</field>
                </block>
              </value>
              <statement name="DO0">
                <block type="playAnimationAdv" id="u}h[mx`vAI{#Pe$envOy">
                  <mutation xmlns="http://www.w3.org/1999/xhtml" advplaybackoptions="true" enablewhenfinished="true"></mutation>
                  <field name="REVERSED">FALSE</field>
                  <field name="LOOP">LoopOnce</field>
                  <value name="VALUE">
                    <shadow type="animationList" id="jnfKy0oSgaD.(@0ilqD=">
                      <field name="FIELDNAME">Door.001</field>
                    </shadow>
                  </value>
                  <value name="FROM">
                    <block type="math_number" id="A,iFl;hbwc[4?ym|+45A">
                      <field name="NUM">0</field>
                    </block>
                  </value>
                  <value name="TO">
                    <block type="math_number" id="i^B8`4g?rFR;O3+?8(|s">
                      <field name="NUM">50</field>
                    </block>
                  </value>
                  <value name="SPEED">
                    <block type="math_number" id="pu-MB-4fUDS{`,$_X9Ku">
                      <field name="NUM">2</field>
                    </block>
                  </value>
                  <statement name="DO">
                    <block type="variables_set" id="lxL`m-AP=+j^(x#u%!gg">
                      <field name="VAR" id="Bc:+!p3ntV%vMU`QwFDJ">flag01</field>
                      <value name="VALUE">
                        <block type="logic_boolean" id=".V_OWNoQvRCp1sE98E@E">
                          <field name="BOOL">FALSE</field>
                        </block>
                      </value>
                    </block>
                  </statement>
                </block>
              </statement>
              <statement name="ELSE">
                <block type="playAnimationAdv" id="/{eex/%ReU,,y9R%7WEk">
                  <mutation xmlns="http://www.w3.org/1999/xhtml" advplaybackoptions="true" enablewhenfinished="true"></mutation>
                  <field name="REVERSED">TRUE</field>
                  <field name="LOOP">LoopOnce</field>
                  <value name="VALUE">
                    <shadow type="animationList" id="%*Zkda}FyVb)R6|,q^?g">
                      <field name="FIELDNAME">Door.001</field>
                    </shadow>
                  </value>
                  <value name="FROM">
                    <block type="math_number" id="I0*aMr3Thly_8.]w|(|}">
                      <field name="NUM">0</field>
                    </block>
                  </value>
                  <value name="TO">
                    <block type="math_number" id="/d++;+L~d{k1{6W[O|FT">
                      <field name="NUM">50</field>
                    </block>
                  </value>
                  <value name="SPEED">
                    <block type="math_number" id="w!!XVqoa4@3da,7aCA]8">
                      <field name="NUM">2</field>
                    </block>
                  </value>
                  <statement name="DO">
                    <block type="variables_set" id="(`oD=Mb^+f8T_67l!}l*">
                      <field name="VAR" id="Bc:+!p3ntV%vMU`QwFDJ">flag01</field>
                      <value name="VALUE">
                        <block type="logic_boolean" id="^79c#:9F.O)pv0~YU[AE">
                          <field name="BOOL">TRUE</field>
                        </block>
                      </value>
                    </block>
                  </statement>
                </block>
              </statement>
            </block>
          </statement>
        </block>
      </next>
    </block>
    <block xmlns="https://developers.google.com/blockly/xml" type="eventHTMLElem" id="bS9^C=9m4I_#R5%L/=@R" x="1070" y="450">
      <field name="EVENT">click</field>
      <field name="PARENT">TRUE</field>
      <value name="ID">
        <shadow type="text" id="_oM8y.DqHF#S+{}YZEM}">
          <field name="TEXT">LG01</field>
        </shadow>
      </value>
      <statement name="DO">
        <block type="hide" id="[NZp7u8!.=zwEp-{]9_i">
          <value name="VALUE">
            <shadow type="objectList">
              <field name="FIELDNAME">&lt;none&gt;</field>
            </shadow>
            <block type="variables_get" id="mN%~7seX2oy7.*oLFwk;">
              <field name="VAR" id="E4s8h.Uk0I{zF3CsxK=H">LG02</field>
            </block>
          </value>
          <next>
            <block type="hide" id="-Hzm-z8?0yHjy+bpW@tb">
              <value name="VALUE">
                <shadow type="objectList">
                  <field name="FIELDNAME">&lt;none&gt;</field>
                </shadow>
                <block type="variables_get" id="~m(vV$`cHtDx=SK;9HrL">
                  <field name="VAR" id="ORhs`d6#Iabs}j+;N`Z^">LG03</field>
                </block>
              </value>
              <next>
                <block type="show" id="vg7qHFaz{bZZ#6z#E,_E">
                  <value name="VALUE">
                    <shadow type="objectList" id="4l2MzWp_B^1YQkwPAUCl">
                      <field name="FIELDNAME">&lt;none&gt;</field>
                    </shadow>
                    <block type="variables_get" id="eq.%E4+L1t8CQ:Jj/ta*">
                      <field name="VAR" id="I!|QhK6M;e`l?$C@b!XF">LG01</field>
                    </block>
                  </value>
                </block>
              </next>
            </block>
          </next>
        </block>
      </statement>
      <next>
        <block type="eventHTMLElem" id="f=M#y4-s;LT0BTagCI]/">
          <field name="EVENT">click</field>
          <field name="PARENT">TRUE</field>
          <value name="ID">
            <shadow type="text" id=";AN0Yh;sE#zeezQ7gnd[">
              <field name="TEXT">LG02</field>
            </shadow>
          </value>
          <statement name="DO">
            <block type="hide" id="eNsmGw]LQ{kPG-9WX]WL">
              <value name="VALUE">
                <shadow type="objectList">
                  <field name="FIELDNAME">&lt;none&gt;</field>
                </shadow>
                <block type="variables_get" id="CmtK;.gEh]Z*Y^[y5t]~">
                  <field name="VAR" id="I!|QhK6M;e`l?$C@b!XF">LG01</field>
                </block>
              </value>
              <next>
                <block type="hide" id="Ph1J6*C#9P79Sk94mp8S">
                  <value name="VALUE">
                    <shadow type="objectList">
                      <field name="FIELDNAME">&lt;none&gt;</field>
                    </shadow>
                    <block type="variables_get" id="yA|KDS#r`AK6lW.wrSOS">
                      <field name="VAR" id="ORhs`d6#Iabs}j+;N`Z^">LG03</field>
                    </block>
                  </value>
                  <next>
                    <block type="show" id="mtdQyfqVSd*=qlIs{b9M">
                      <value name="VALUE">
                        <shadow type="objectList">
                          <field name="FIELDNAME">&lt;none&gt;</field>
                        </shadow>
                        <block type="variables_get" id="lu6,g,wz%vI-fc6DY..p">
                          <field name="VAR" id="E4s8h.Uk0I{zF3CsxK=H">LG02</field>
                        </block>
                      </value>
                    </block>
                  </next>
                </block>
              </next>
            </block>
          </statement>
          <next>
            <block type="eventHTMLElem" id="g-D/0r0,cRC/pwIJ_WJ+">
              <field name="EVENT">click</field>
              <field name="PARENT">TRUE</field>
              <value name="ID">
                <shadow type="text" id=".7R*T$a/uV56w0#[gdaY">
                  <field name="TEXT">LG03</field>
                </shadow>
              </value>
              <statement name="DO">
                <block type="hide" id="T2w4C%13Gb-*WL/f_hfI">
                  <value name="VALUE">
                    <shadow type="objectList">
                      <field name="FIELDNAME">&lt;none&gt;</field>
                    </shadow>
                    <block type="variables_get" id="N|?1$4h/OnF!VcQ4#]`I">
                      <field name="VAR" id="I!|QhK6M;e`l?$C@b!XF">LG01</field>
                    </block>
                  </value>
                  <next>
                    <block type="hide" id="~IEoON:Htnzn^q:orM/D">
                      <value name="VALUE">
                        <shadow type="objectList">
                          <field name="FIELDNAME">&lt;none&gt;</field>
                        </shadow>
                        <block type="variables_get" id="AJ/z|mB$E+=HF$Pd,=C_">
                          <field name="VAR" id="E4s8h.Uk0I{zF3CsxK=H">LG02</field>
                        </block>
                      </value>
                      <next>
                        <block type="show" id="FRt#*E9R5|Dji6-rhcM}">
                          <value name="VALUE">
                            <shadow type="objectList">
                              <field name="FIELDNAME">&lt;none&gt;</field>
                            </shadow>
                            <block type="variables_get" id="4Xzxgm5cv*a!O*WI$CD+">
                              <field name="VAR" id="ORhs`d6#Iabs}j+;N`Z^">LG03</field>
                            </block>
                          </value>
                        </block>
                      </next>
                    </block>
                  </next>
                </block>
              </statement>
            </block>
          </next>
        </block>
      </next>
    </block>
    <block xmlns="https://developers.google.com/blockly/xml" type="variables_set" id=",f.*D5B+.n/4^c7tgleX" x="1770" y="690">
      <field name="VAR" id="wagZM#J7z@FT|i[=@8Q8">flag02</field>
      <value name="VALUE">
        <block type="logic_boolean" id="6T;6Th;.+B7[YO~I9[wF">
          <field name="BOOL">TRUE</field>
        </block>
      </value>
      <next>
        <block type="whenClicked" id="]C!!{=sMp5qq?|fyuG9}">
          <mutation xmlns="http://www.w3.org/1999/xhtml" adveventoptions="false" enableifmissed="false"></mutation>
          <field name="X_RAY">FALSE</field>
          <field name="DOUBLE_CLICK">FALSE</field>
          <field name="LEFT_BUTTON">TRUE</field>
          <field name="MIDDLE_BUTTON">TRUE</field>
          <field name="RIGHT_BUTTON">TRUE</field>
          <value name="VALUE">
            <shadow type="objectList" id="[r/8nF|oXWpFFG$)e(:@">
              <field name="FIELDNAME">Door.002</field>
            </shadow>
          </value>
          <statement name="DO">
            <block type="controls_if" id="+$kuG=v}3(3=M3AkqzZ+">
              <mutation else="1"/>
              <value name="IF0">
                <block type="variables_get" id="(?.nrE:}VdPeam([~i-D">
                  <field name="VAR" id="wagZM#J7z@FT|i[=@8Q8">flag02</field>
                </block>
              </value>
              <statement name="DO0">
                <block type="playAnimationAdv" id="ene;(dp_l/[+8[JQ)7ZT">
                  <mutation xmlns="http://www.w3.org/1999/xhtml" advplaybackoptions="true" enablewhenfinished="true"></mutation>
                  <field name="REVERSED">FALSE</field>
                  <field name="LOOP">LoopOnce</field>
                  <value name="VALUE">
                    <shadow type="animationList" id="Y0[rh3cpUx4PqoKL6/Sm">
                      <field name="FIELDNAME">Door.002</field>
                    </shadow>
                  </value>
                  <value name="FROM">
                    <block type="math_number" id="aR:NyVAVW,g7ZND*;PuK">
                      <field name="NUM">0</field>
                    </block>
                  </value>
                  <value name="TO">
                    <block type="math_number" id="b:T63+8=wTKC#Qj=x$5Y">
                      <field name="NUM">50</field>
                    </block>
                  </value>
                  <value name="SPEED">
                    <block type="math_number" id="F$6Yxs^J`PJw%ohiu.K8">
                      <field name="NUM">2</field>
                    </block>
                  </value>
                  <statement name="DO">
                    <block type="variables_set" id="BaatPg**jDD)Xf0b=[Qv">
                      <field name="VAR" id="wagZM#J7z@FT|i[=@8Q8">flag02</field>
                      <value name="VALUE">
                        <block type="logic_boolean" id="~*=(X8$5Sh5jF.BUIyX`">
                          <field name="BOOL">FALSE</field>
                        </block>
                      </value>
                    </block>
                  </statement>
                </block>
              </statement>
              <statement name="ELSE">
                <block type="playAnimationAdv" id="sD]X2jy/q5YYswEW_hk_">
                  <mutation xmlns="http://www.w3.org/1999/xhtml" advplaybackoptions="true" enablewhenfinished="true"></mutation>
                  <field name="REVERSED">TRUE</field>
                  <field name="LOOP">LoopOnce</field>
                  <value name="VALUE">
                    <shadow type="animationList" id="dGfYbCv#qOQi=dRBY$m}">
                      <field name="FIELDNAME">Door.002</field>
                    </shadow>
                  </value>
                  <value name="FROM">
                    <block type="math_number" id="ZU{4Lt=`P^Qgy*YZXh9W">
                      <field name="NUM">0</field>
                    </block>
                  </value>
                  <value name="TO">
                    <block type="math_number" id="c!6Hh.6CuSjD3J}B!yHv">
                      <field name="NUM">50</field>
                    </block>
                  </value>
                  <value name="SPEED">
                    <block type="math_number" id="9)eA[Me@siMq$;_^YKC/">
                      <field name="NUM">2</field>
                    </block>
                  </value>
                  <statement name="DO">
                    <block type="variables_set" id="s}qwlg@-fuVwK^IXb/sq">
                      <field name="VAR" id="wagZM#J7z@FT|i[=@8Q8">flag02</field>
                      <value name="VALUE">
                        <block type="logic_boolean" id="n+)lLSjLKIbU$N[zY7r/">
                          <field name="BOOL">TRUE</field>
                        </block>
                      </value>
                    </block>
                  </statement>
                </block>
              </statement>
            </block>
          </statement>
        </block>
      </next>
    </block>
    <block xmlns="https://developers.google.com/blockly/xml" type="eventHTMLElem" id="VMjc0v:x*O9/v/h=%]OS" x="10" y="970">
      <field name="EVENT">mouseover</field>
      <field name="PARENT">TRUE</field>
      <value name="ID">
        <shadow type="text" id="))SIK,szUxJXIEgrTvN$">
          <field name="TEXT">Color01</field>
        </shadow>
      </value>
      <statement name="DO">
        <block type="setHTMLElemStyle" id="Jk*)KE0M*kmjT1o6)+pK">
          <field name="PROPERTY">cursor</field>
          <field name="PARENT">TRUE</field>
          <value name="VALUE">
            <block type="text" id="*c!Uq9}(XI=+k1diycKk">
              <field name="TEXT">pointer</field>
            </block>
          </value>
          <value name="ID">
            <shadow type="text" id="FOTv}.7m^S?8B8Qjmd|!">
              <field name="TEXT">Color01</field>
            </shadow>
          </value>
          <next>
            <block type="setHTMLElemStyle" id="b`d12[cyFKw8p~5RBrXN">
              <field name="PROPERTY">display</field>
              <field name="PARENT">TRUE</field>
              <value name="ID">
                <shadow type="text" id="C9+)_;LEa=%i!UOPONl~">
                  <field name="TEXT">Color01Text</field>
                </shadow>
              </value>
            </block>
          </next>
        </block>
      </statement>
      <next>
        <block type="eventHTMLElem" id="(}Qmz[9:WqdN%peoRSFg">
          <field name="EVENT">mouseout</field>
          <field name="PARENT">TRUE</field>
          <value name="ID">
            <shadow type="text" id="WpU6XqQ;5Ih;`G@/gI6_">
              <field name="TEXT">Color01</field>
            </shadow>
          </value>
          <statement name="DO">
            <block type="setHTMLElemStyle" id="Uj`a;d9o:};$rwq%oEn.">
              <field name="PROPERTY">cursor</field>
              <field name="PARENT">TRUE</field>
              <value name="VALUE">
                <block type="text" id="Vbdi{Opa.1kY/lUfl/!y">
                  <field name="TEXT">default</field>
                </block>
              </value>
              <value name="ID">
                <shadow type="text" id="5CD4$0I41DPmk._%dlmu">
                  <field name="TEXT">Color01</field>
                </shadow>
              </value>
              <next>
                <block type="setHTMLElemStyle" id="qV*E`ES7L~)+N,NvmP:)">
                  <field name="PROPERTY">display</field>
                  <field name="PARENT">TRUE</field>
                  <value name="VALUE">
                    <block type="text" id=";w.jA`to1`iE$XUc59]@">
                      <field name="TEXT">none</field>
                    </block>
                  </value>
                  <value name="ID">
                    <shadow type="text" id="9ck_YY2d2XLntivyB.*}">
                      <field name="TEXT">Color01Text</field>
                    </shadow>
                  </value>
                </block>
              </next>
            </block>
          </statement>
        </block>
      </next>
    </block>
    <block xmlns="https://developers.google.com/blockly/xml" type="variables_set" id="_XwvMZR*JOXfr!@I,PAX" x="1770" y="1050">
      <field name="VAR" id="8VfBJ@ug:Ra(ws);ce%X">flag03</field>
      <value name="VALUE">
        <block type="logic_boolean" id="H43Y*,m{y{f!|2sOO|oi">
          <field name="BOOL">TRUE</field>
        </block>
      </value>
      <next>
        <block type="whenClicked" id="pz0xbL[e9h{^kPK.e3rp">
          <mutation xmlns="http://www.w3.org/1999/xhtml" adveventoptions="false" enableifmissed="false"></mutation>
          <field name="X_RAY">FALSE</field>
          <field name="DOUBLE_CLICK">FALSE</field>
          <field name="LEFT_BUTTON">TRUE</field>
          <field name="MIDDLE_BUTTON">TRUE</field>
          <field name="RIGHT_BUTTON">TRUE</field>
          <value name="VALUE">
            <shadow type="objectList" id="u!)zQ^iuKJ-CPtVBAHQx">
              <field name="FIELDNAME">Door.003</field>
            </shadow>
          </value>
          <statement name="DO">
            <block type="controls_if" id="W-}Klqt%ZKvv6~QW4044">
              <mutation else="1"/>
              <value name="IF0">
                <block type="variables_get" id="[fVgx]3=Ms+.Cw1$zqRh">
                  <field name="VAR" id="8VfBJ@ug:Ra(ws);ce%X">flag03</field>
                </block>
              </value>
              <statement name="DO0">
                <block type="playAnimationAdv" id="u^ShtgFlM,]vUw8(Gb%-">
                  <mutation xmlns="http://www.w3.org/1999/xhtml" advplaybackoptions="true" enablewhenfinished="true"></mutation>
                  <field name="REVERSED">FALSE</field>
                  <field name="LOOP">LoopOnce</field>
                  <value name="VALUE">
                    <shadow type="animationList" id="Pj?nA^@`G%w6:ijC^?[}">
                      <field name="FIELDNAME">Door.003</field>
                    </shadow>
                  </value>
                  <value name="FROM">
                    <block type="math_number" id="6Nw:3~uos!LW15:)h+`I">
                      <field name="NUM">0</field>
                    </block>
                  </value>
                  <value name="TO">
                    <block type="math_number" id="5IlPDr(NX!Z8qH`p:e|5">
                      <field name="NUM">50</field>
                    </block>
                  </value>
                  <value name="SPEED">
                    <block type="math_number" id="6@hL+i#A-bYM!qI;T^d+">
                      <field name="NUM">2</field>
                    </block>
                  </value>
                  <statement name="DO">
                    <block type="variables_set" id="DOejTT:k_#WSve+o!gQ_">
                      <field name="VAR" id="8VfBJ@ug:Ra(ws);ce%X">flag03</field>
                      <value name="VALUE">
                        <block type="logic_boolean" id="i(vxYg?3dRO)@5Bs0{PN">
                          <field name="BOOL">FALSE</field>
                        </block>
                      </value>
                    </block>
                  </statement>
                </block>
              </statement>
              <statement name="ELSE">
                <block type="playAnimationAdv" id="{F|Ua_dtOimA_m:F@Ts:">
                  <mutation xmlns="http://www.w3.org/1999/xhtml" advplaybackoptions="true" enablewhenfinished="true"></mutation>
                  <field name="REVERSED">TRUE</field>
                  <field name="LOOP">LoopOnce</field>
                  <value name="VALUE">
                    <shadow type="animationList" id="BOU_b;1e5Lll|*(hspQo">
                      <field name="FIELDNAME">Door.003</field>
                    </shadow>
                  </value>
                  <value name="FROM">
                    <block type="math_number" id="93WT5xt#O0y.|HcC)|k/">
                      <field name="NUM">0</field>
                    </block>
                  </value>
                  <value name="TO">
                    <block type="math_number" id="%N6~dRIaL*?:NNDqtE`S">
                      <field name="NUM">50</field>
                    </block>
                  </value>
                  <value name="SPEED">
                    <block type="math_number" id="4aH!KltFcW~t|]o6}bd8">
                      <field name="NUM">2</field>
                    </block>
                  </value>
                  <statement name="DO">
                    <block type="variables_set" id="C;wqlzMs,KhU^l-~KK%w">
                      <field name="VAR" id="8VfBJ@ug:Ra(ws);ce%X">flag03</field>
                      <value name="VALUE">
                        <block type="logic_boolean" id="y[:K2$sT_JsxwQqe8J8K">
                          <field name="BOOL">TRUE</field>
                        </block>
                      </value>
                    </block>
                  </statement>
                </block>
              </statement>
            </block>
          </statement>
        </block>
      </next>
    </block>
    <block xmlns="https://developers.google.com/blockly/xml" type="eventHTMLElem" id="=9a)5)bNEls:-e1stZvv" x="10" y="1250">
      <field name="EVENT">mouseover</field>
      <field name="PARENT">TRUE</field>
      <value name="ID">
        <shadow type="text" id="-4VYx6_-nPhBE`i3P(wK">
          <field name="TEXT">Color02</field>
        </shadow>
      </value>
      <statement name="DO">
        <block type="setHTMLElemStyle" id="h{y1=JX#WdsF/5z5vyUr">
          <field name="PROPERTY">cursor</field>
          <field name="PARENT">TRUE</field>
          <value name="VALUE">
            <block type="text" id="beok}oIx#3.%.EM}hrfU">
              <field name="TEXT">pointer</field>
            </block>
          </value>
          <value name="ID">
            <shadow type="text" id="PY)t,Sn1;Co:4}hhGEEo">
              <field name="TEXT">Color02</field>
            </shadow>
          </value>
          <next>
            <block type="setHTMLElemStyle" id="4qWR@!.?|_G,]*M3V3Dm">
              <field name="PROPERTY">display</field>
              <field name="PARENT">TRUE</field>
              <value name="ID">
                <shadow type="text" id="[;oP;%ytlF;L9T(,R=+.">
                  <field name="TEXT">Color02Text</field>
                </shadow>
              </value>
            </block>
          </next>
        </block>
      </statement>
      <next>
        <block type="eventHTMLElem" id="sA!ta_yt6%v~v/!rT6Bj">
          <field name="EVENT">mouseout</field>
          <field name="PARENT">TRUE</field>
          <value name="ID">
            <shadow type="text" id="0O}PO4f5e)UGIiAg;P90">
              <field name="TEXT">Color02</field>
            </shadow>
          </value>
          <statement name="DO">
            <block type="setHTMLElemStyle" id="1=PtfKd=Si$7+I^n/:|0">
              <field name="PROPERTY">cursor</field>
              <field name="PARENT">TRUE</field>
              <value name="VALUE">
                <block type="text" id="_2(myL4*TT|-AMb_0A42">
                  <field name="TEXT">default</field>
                </block>
              </value>
              <value name="ID">
                <shadow type="text" id="^5q7BHj0Yq@4;h$eRek7">
                  <field name="TEXT">Color02</field>
                </shadow>
              </value>
              <next>
                <block type="setHTMLElemStyle" id="T%KF!m7-y]9!AkfbGqzW">
                  <field name="PROPERTY">display</field>
                  <field name="PARENT">TRUE</field>
                  <value name="VALUE">
                    <block type="text" id="qm,Q,v8JpC_m,!_VA+TA">
                      <field name="TEXT">none</field>
                    </block>
                  </value>
                  <value name="ID">
                    <shadow type="text" id="#_;WNmftP|k]tg:nK(F0">
                      <field name="TEXT">Color02Text</field>
                    </shadow>
                  </value>
                </block>
              </next>
            </block>
          </statement>
        </block>
      </next>
    </block>
    <block xmlns="https://developers.google.com/blockly/xml" type="variables_set" id="YEpleO]yT+YXhJ?aOQ7@" x="1770" y="1370">
      <field name="VAR" id="{R6An1-EN?ITwQG1UYE)">flag04</field>
      <value name="VALUE">
        <block type="logic_boolean" id="]vi],.6k}`UoDbvtW)xe">
          <field name="BOOL">TRUE</field>
        </block>
      </value>
      <next>
        <block type="whenClicked" id="1PK~jVbMYLT6jw,`3qI3">
          <mutation xmlns="http://www.w3.org/1999/xhtml" adveventoptions="false" enableifmissed="false"></mutation>
          <field name="X_RAY">FALSE</field>
          <field name="DOUBLE_CLICK">FALSE</field>
          <field name="LEFT_BUTTON">TRUE</field>
          <field name="MIDDLE_BUTTON">TRUE</field>
          <field name="RIGHT_BUTTON">TRUE</field>
          <value name="VALUE">
            <shadow type="objectList" id="e{%Ej7E(pz^=Tl,Ap^-v">
              <field name="FIELDNAME">Door.004</field>
            </shadow>
          </value>
          <statement name="DO">
            <block type="controls_if" id="mG%1hCmhEO)d)1he$6Wn">
              <mutation else="1"/>
              <value name="IF0">
                <block type="variables_get" id="O({#/tZvpFoz=uhK*yx$">
                  <field name="VAR" id="{R6An1-EN?ITwQG1UYE)">flag04</field>
                </block>
              </value>
              <statement name="DO0">
                <block type="playAnimationAdv" id="!$lv,:?f;[9z*7x4}hPU">
                  <mutation xmlns="http://www.w3.org/1999/xhtml" advplaybackoptions="true" enablewhenfinished="true"></mutation>
                  <field name="REVERSED">FALSE</field>
                  <field name="LOOP">LoopOnce</field>
                  <value name="VALUE">
                    <shadow type="animationList" id="Vh6GH;^ouQ?dL10/AduM">
                      <field name="FIELDNAME">Door.004</field>
                    </shadow>
                  </value>
                  <value name="FROM">
                    <block type="math_number" id="1ZA@jAw443FY:kaq^Obe">
                      <field name="NUM">0</field>
                    </block>
                  </value>
                  <value name="TO">
                    <block type="math_number" id="CkhiK;6*~`RI]uI}4hD~">
                      <field name="NUM">50</field>
                    </block>
                  </value>
                  <value name="SPEED">
                    <block type="math_number" id="~KehIQ7e~Oiv*hH68cJU">
                      <field name="NUM">2</field>
                    </block>
                  </value>
                  <statement name="DO">
                    <block type="variables_set" id=")8MrY|7.0~.G^}-R.+2F">
                      <field name="VAR" id="{R6An1-EN?ITwQG1UYE)">flag04</field>
                      <value name="VALUE">
                        <block type="logic_boolean" id="8^llzk2k.LH#Ym$.S;,I">
                          <field name="BOOL">FALSE</field>
                        </block>
                      </value>
                    </block>
                  </statement>
                </block>
              </statement>
              <statement name="ELSE">
                <block type="playAnimationAdv" id="]:3Ii5@HG_+wrn$P0/2@">
                  <mutation xmlns="http://www.w3.org/1999/xhtml" advplaybackoptions="true" enablewhenfinished="true"></mutation>
                  <field name="REVERSED">TRUE</field>
                  <field name="LOOP">LoopOnce</field>
                  <value name="VALUE">
                    <shadow type="animationList" id="xc2sD?r`VcRm5sP=gt#2">
                      <field name="FIELDNAME">Door.004</field>
                    </shadow>
                  </value>
                  <value name="FROM">
                    <block type="math_number" id="^^6|D:El/Yv-G9_R@n*]">
                      <field name="NUM">0</field>
                    </block>
                  </value>
                  <value name="TO">
                    <block type="math_number" id="c`=Eh*F#~mrtPS!qM#%v">
                      <field name="NUM">50</field>
                    </block>
                  </value>
                  <value name="SPEED">
                    <block type="math_number" id="5izBpKPBj%sG5p]L(Fk#">
                      <field name="NUM">2</field>
                    </block>
                  </value>
                  <statement name="DO">
                    <block type="variables_set" id="Ly!=lyiaD!T/H(}owul~">
                      <field name="VAR" id="{R6An1-EN?ITwQG1UYE)">flag04</field>
                      <value name="VALUE">
                        <block type="logic_boolean" id="E]sRAJYANF.j-v/zni3n">
                          <field name="BOOL">TRUE</field>
                        </block>
                      </value>
                    </block>
                  </statement>
                </block>
              </statement>
            </block>
          </statement>
        </block>
      </next>
    </block>
    <block xmlns="https://developers.google.com/blockly/xml" type="eventHTMLElem" id="H|e~wz:m8ee9Ks%F~@s~" x="10" y="1530">
      <field name="EVENT">mouseover</field>
      <field name="PARENT">TRUE</field>
      <value name="ID">
        <shadow type="text" id="|,ovxFqXs*f?_}s{`@Zp">
          <field name="TEXT">Color03</field>
        </shadow>
      </value>
      <statement name="DO">
        <block type="setHTMLElemStyle" id="t^^}|U`4Ccf_vCI^L?R+">
          <field name="PROPERTY">cursor</field>
          <field name="PARENT">TRUE</field>
          <value name="VALUE">
            <block type="text" id="=:Us=~%^fF`VxhGbQ8x%">
              <field name="TEXT">pointer</field>
            </block>
          </value>
          <value name="ID">
            <shadow type="text" id="^qGJH@ch`Qu|]X;1IqyZ">
              <field name="TEXT">Color03</field>
            </shadow>
          </value>
          <next>
            <block type="setHTMLElemStyle" id="hNwq_Zr?848`n4K%:XW_">
              <field name="PROPERTY">display</field>
              <field name="PARENT">TRUE</field>
              <value name="ID">
                <shadow type="text" id="Fk2BItPwb(|Ik$e*mW+S">
                  <field name="TEXT">Color03Text</field>
                </shadow>
              </value>
            </block>
          </next>
        </block>
      </statement>
      <next>
        <block type="eventHTMLElem" id="hR:4y,F-8aksGrTonn0[">
          <field name="EVENT">mouseout</field>
          <field name="PARENT">TRUE</field>
          <value name="ID">
            <shadow type="text" id="2`hzqR5Pd~Je{@=Vlr.o">
              <field name="TEXT">Color03</field>
            </shadow>
          </value>
          <statement name="DO">
            <block type="setHTMLElemStyle" id="v)Q}~;oKlT18|0Z5;/~j">
              <field name="PROPERTY">cursor</field>
              <field name="PARENT">TRUE</field>
              <value name="VALUE">
                <block type="text" id="#6lTph/X2;o(r`m+HwXR">
                  <field name="TEXT">default</field>
                </block>
              </value>
              <value name="ID">
                <shadow type="text" id="Ke:bxP%BAVkjg#lsD2`H">
                  <field name="TEXT">Color03</field>
                </shadow>
              </value>
              <next>
                <block type="setHTMLElemStyle" id="Ybc@5Tb)cIUF*b7jT!=/">
                  <field name="PROPERTY">display</field>
                  <field name="PARENT">TRUE</field>
                  <value name="VALUE">
                    <block type="text" id="2NYy|e68/Fv(5:VD0lBI">
                      <field name="TEXT">none</field>
                    </block>
                  </value>
                  <value name="ID">
                    <shadow type="text" id="+U:*:)Yf/qxM6*Wy{~Yg">
                      <field name="TEXT">Color03Text</field>
                    </shadow>
                  </value>
                </block>
              </next>
            </block>
          </statement>
        </block>
      </next>
    </block>
    <block xmlns="https://developers.google.com/blockly/xml" type="variables_set" id="#1)D_TEuH*h{KzC165FP" x="1770" y="1690">
      <field name="VAR" id="6Z^1K.Br}I!Xn(iWOfj*">flag05</field>
      <value name="VALUE">
        <block type="logic_boolean" id="O;~W%JE;A00mU^M8N{Wl">
          <field name="BOOL">TRUE</field>
        </block>
      </value>
      <next>
        <block type="whenClicked" id="GuAa=lf83i,Gn6{+|o/Y">
          <mutation xmlns="http://www.w3.org/1999/xhtml" adveventoptions="false" enableifmissed="false"></mutation>
          <field name="X_RAY">FALSE</field>
          <field name="DOUBLE_CLICK">FALSE</field>
          <field name="LEFT_BUTTON">TRUE</field>
          <field name="MIDDLE_BUTTON">TRUE</field>
          <field name="RIGHT_BUTTON">TRUE</field>
          <value name="VALUE">
            <shadow type="objectList" id="WgdnIAV0RJ7Y:9kmzq{n">
              <field name="FIELDNAME">Door.005</field>
            </shadow>
          </value>
          <statement name="DO">
            <block type="controls_if" id="`G4lH,~@m,}E/PhWF:0q">
              <mutation else="1"/>
              <value name="IF0">
                <block type="variables_get" id="yPy-j)|{C][6$dIy2Jv7">
                  <field name="VAR" id="6Z^1K.Br}I!Xn(iWOfj*">flag05</field>
                </block>
              </value>
              <statement name="DO0">
                <block type="playAnimationAdv" id="CW/cp1,TPE$zF{GFuvP9">
                  <mutation xmlns="http://www.w3.org/1999/xhtml" advplaybackoptions="true" enablewhenfinished="true"></mutation>
                  <field name="REVERSED">FALSE</field>
                  <field name="LOOP">LoopOnce</field>
                  <value name="VALUE">
                    <shadow type="animationList" id="?QeXLr,@uxvVRp^q|5qx">
                      <field name="FIELDNAME">Door.005</field>
                    </shadow>
                  </value>
                  <value name="FROM">
                    <block type="math_number" id="l*kh6QnPXKmeq1oB{92C">
                      <field name="NUM">0</field>
                    </block>
                  </value>
                  <value name="TO">
                    <block type="math_number" id="rL;_b9YnLb^]3^oWS{7h">
                      <field name="NUM">50</field>
                    </block>
                  </value>
                  <value name="SPEED">
                    <block type="math_number" id="I`.?Yv^26,@Vaytwi(?=">
                      <field name="NUM">2</field>
                    </block>
                  </value>
                  <statement name="DO">
                    <block type="variables_set" id="ujV8B`OJLRU#MMNHQf/M">
                      <field name="VAR" id="6Z^1K.Br}I!Xn(iWOfj*">flag05</field>
                      <value name="VALUE">
                        <block type="logic_boolean" id="~j4*.eBmz#*lo_|hQ@1B">
                          <field name="BOOL">FALSE</field>
                        </block>
                      </value>
                    </block>
                  </statement>
                </block>
              </statement>
              <statement name="ELSE">
                <block type="playAnimationAdv" id="6e#EB~9FvJ8A|UZe{ujq">
                  <mutation xmlns="http://www.w3.org/1999/xhtml" advplaybackoptions="true" enablewhenfinished="true"></mutation>
                  <field name="REVERSED">TRUE</field>
                  <field name="LOOP">LoopOnce</field>
                  <value name="VALUE">
                    <shadow type="animationList" id="0KhxKWoLj8*XC)w9$uNZ">
                      <field name="FIELDNAME">Door.005</field>
                    </shadow>
                  </value>
                  <value name="FROM">
                    <block type="math_number" id="$6crJooNq:;xWMG3nRv?">
                      <field name="NUM">0</field>
                    </block>
                  </value>
                  <value name="TO">
                    <block type="math_number" id="fK2%0v*-IPV$1_D%D0Vm">
                      <field name="NUM">50</field>
                    </block>
                  </value>
                  <value name="SPEED">
                    <block type="math_number" id="VOgImGeHQ[QV%HPE#1R[">
                      <field name="NUM">2</field>
                    </block>
                  </value>
                  <statement name="DO">
                    <block type="variables_set" id="c!59XymNqu{0lM_o(T2!">
                      <field name="VAR" id="6Z^1K.Br}I!Xn(iWOfj*">flag05</field>
                      <value name="VALUE">
                        <block type="logic_boolean" id="HWBaVmuYzwF-8-TJz}[R">
                          <field name="BOOL">TRUE</field>
                        </block>
                      </value>
                    </block>
                  </statement>
                </block>
              </statement>
            </block>
          </statement>
        </block>
      </next>
    </block>
    <block xmlns="https://developers.google.com/blockly/xml" type="eventHTMLElem" id="-o@XaWk|J%uIc2_!D2ju" x="10" y="1810">
      <field name="EVENT">mouseover</field>
      <field name="PARENT">TRUE</field>
      <value name="ID">
        <shadow type="text" id="j=hb*0)M(uEKU}(}jj;o">
          <field name="TEXT">LG01</field>
        </shadow>
      </value>
      <statement name="DO">
        <block type="setHTMLElemStyle" id="ei%6*T@cC+6JAfx?e:e@">
          <field name="PROPERTY">cursor</field>
          <field name="PARENT">TRUE</field>
          <value name="VALUE">
            <block type="text" id="vQ#DyPe6]m#f[JR3ydH8">
              <field name="TEXT">pointer</field>
            </block>
          </value>
          <value name="ID">
            <shadow type="text" id="TRR-TN@XIcae1C;u4Su(">
              <field name="TEXT">LG01</field>
            </shadow>
          </value>
          <next>
            <block type="setHTMLElemStyle" id="aS}WuCJ]#n7H@Vq,:xk7">
              <field name="PROPERTY">display</field>
              <field name="PARENT">TRUE</field>
              <value name="ID">
                <shadow type="text" id="A{O)lS~|g(jUn*,.c.#y">
                  <field name="TEXT">LG01Text</field>
                </shadow>
              </value>
            </block>
          </next>
        </block>
      </statement>
      <next>
        <block type="eventHTMLElem" id="uFxDsa$79s=VrQbTA;Q(">
          <field name="EVENT">mouseout</field>
          <field name="PARENT">TRUE</field>
          <value name="ID">
            <shadow type="text" id="WC%*3G[tQIYIG*a^19eq">
              <field name="TEXT">LG01</field>
            </shadow>
          </value>
          <statement name="DO">
            <block type="setHTMLElemStyle" id="nW#!Vh8:ZuN%hz7XI|p)">
              <field name="PROPERTY">cursor</field>
              <field name="PARENT">TRUE</field>
              <value name="VALUE">
                <block type="text" id="h@pB/6M[,2nmGn0aDeha">
                  <field name="TEXT">default</field>
                </block>
              </value>
              <value name="ID">
                <shadow type="text" id="=0P++1^M52CGmRA5y+q8">
                  <field name="TEXT">LG01</field>
                </shadow>
              </value>
              <next>
                <block type="setHTMLElemStyle" id="%TedyefQ3Xx%p;:07Gmi">
                  <field name="PROPERTY">display</field>
                  <field name="PARENT">TRUE</field>
                  <value name="VALUE">
                    <block type="text" id="71(MTfy2;yS.Af9Tt;O?">
                      <field name="TEXT">none</field>
                    </block>
                  </value>
                  <value name="ID">
                    <shadow type="text" id="ILVtoQsrTCaEENe~1yAk">
                      <field name="TEXT">LG01Text</field>
                    </shadow>
                  </value>
                </block>
              </next>
            </block>
          </statement>
        </block>
      </next>
    </block>
    <block xmlns="https://developers.google.com/blockly/xml" type="eventHTMLElem" id="~k06^-qY=sV_R?q22{7S" x="10" y="2090">
      <field name="EVENT">mouseover</field>
      <field name="PARENT">TRUE</field>
      <value name="ID">
        <shadow type="text" id="#64M4).Tq)MbkaP0$._=">
          <field name="TEXT">LG02</field>
        </shadow>
      </value>
      <statement name="DO">
        <block type="setHTMLElemStyle" id="Ly4x~e*oM.SJRok.F:7u">
          <field name="PROPERTY">cursor</field>
          <field name="PARENT">TRUE</field>
          <value name="VALUE">
            <block type="text" id="wzB5)$A^eB{sAf0,?Xcz">
              <field name="TEXT">pointer</field>
            </block>
          </value>
          <value name="ID">
            <shadow type="text" id="?Lg,Gb}1s;S,8NN$|fAI">
              <field name="TEXT">LG02</field>
            </shadow>
          </value>
          <next>
            <block type="setHTMLElemStyle" id="n;[4(gU(6Jd`4Qx1;F5S">
              <field name="PROPERTY">display</field>
              <field name="PARENT">TRUE</field>
              <value name="ID">
                <shadow type="text" id="eCbkeMVah8^OKf)[]B4r">
                  <field name="TEXT">LG02Text</field>
                </shadow>
              </value>
            </block>
          </next>
        </block>
      </statement>
      <next>
        <block type="eventHTMLElem" id="XG2q%1^Usu|(r%?I{Pe%">
          <field name="EVENT">mouseout</field>
          <field name="PARENT">TRUE</field>
          <value name="ID">
            <shadow type="text" id="z0`1,$ylRl3nm1Z7tPh?">
              <field name="TEXT">LG02</field>
            </shadow>
          </value>
          <statement name="DO">
            <block type="setHTMLElemStyle" id="0*jS,L.8i~%k%MLxSEN/">
              <field name="PROPERTY">cursor</field>
              <field name="PARENT">TRUE</field>
              <value name="VALUE">
                <block type="text" id="~|eY:Q3#}+pjDof=Z`Nk">
                  <field name="TEXT">default</field>
                </block>
              </value>
              <value name="ID">
                <shadow type="text" id="ZZWW)Hy=cw5l@/!gnaAd">
                  <field name="TEXT">LG02</field>
                </shadow>
              </value>
              <next>
                <block type="setHTMLElemStyle" id="?W`M3uxSTn/2KeFv]X~7">
                  <field name="PROPERTY">display</field>
                  <field name="PARENT">TRUE</field>
                  <value name="VALUE">
                    <block type="text" id="-//tNjZpoPDm=KGd_U@#">
                      <field name="TEXT">none</field>
                    </block>
                  </value>
                  <value name="ID">
                    <shadow type="text" id="g(9_nSx1$+:CPZH5et;u">
                      <field name="TEXT">LG02Text</field>
                    </shadow>
                  </value>
                </block>
              </next>
            </block>
          </statement>
        </block>
      </next>
    </block>
    <block xmlns="https://developers.google.com/blockly/xml" type="variables_set" id="9ZLa77MgJ,m=b*CV^^*l" x="1770" y="2050">
      <field name="VAR" id="Xq1@1ZCj)Xj,IcQOmiJ%">ClickedCount</field>
      <value name="VALUE">
        <block type="math_number" id="(6doFwPH5kKa3;DH/#}i">
          <field name="NUM">0</field>
        </block>
      </value>
      <next>
        <block type="whenClicked" id="_3lt_~O`k2sc@4AsD(rH">
          <mutation xmlns="http://www.w3.org/1999/xhtml" adveventoptions="false" enableifmissed="false"></mutation>
          <field name="X_RAY">FALSE</field>
          <field name="DOUBLE_CLICK">FALSE</field>
          <field name="LEFT_BUTTON">TRUE</field>
          <field name="MIDDLE_BUTTON">TRUE</field>
          <field name="RIGHT_BUTTON">TRUE</field>
          <value name="VALUE">
            <shadow type="objectList" id="VVfEP9sQws}xx^g9d]~e">
              <field name="FIELDNAME">trigger_engine_swithcer</field>
            </shadow>
          </value>
          <statement name="DO">
            <block type="controls_if" id="_1P1WjAR#:3hR]!Tc)Vc">
              <value name="IF0">
                <block type="logic_compare" id="M]_P%voF2/c*^X$W#Jy2">
                  <field name="OP">EQ</field>
                  <value name="A">
                    <block type="math_modulo" id="!$j]IPMRqpu9u:zM.@`(">
                      <value name="DIVIDEND">
                        <shadow type="math_number" id=".K|u?A8YW[-r+0;$V*q{">
                          <field name="NUM">8</field>
                        </shadow>
                        <block type="variables_get" id="LShtnd#BebASk4dHqGRo">
                          <field name="VAR" id="Xq1@1ZCj)Xj,IcQOmiJ%">ClickedCount</field>
                        </block>
                      </value>
                      <value name="DIVISOR">
                        <shadow type="math_number" id="L|eGpk))+=N%FHGD;=rA">
                          <field name="NUM">2</field>
                        </shadow>
                      </value>
                    </block>
                  </value>
                  <value name="B">
                    <block type="math_number" id="5ngqBzwq2(n{dH`BJ]K6">
                      <field name="NUM">0</field>
                    </block>
                  </value>
                </block>
              </value>
              <statement name="DO0">
                <block type="playAnimationAdv" id="8Md*aNuwo]S/RE~:Lf;}">
                  <mutation xmlns="http://www.w3.org/1999/xhtml" advplaybackoptions="false" enablewhenfinished="true"></mutation>
                  <field name="REVERSED">FALSE</field>
                  <field name="LOOP">AUTO</field>
                  <value name="VALUE">
                    <shadow type="animationList" id="y{_Ko{:M_9M}rsL1SYLR">
                      <field name="FIELDNAME">Door.005</field>
                    </shadow>
                    <block type="variables_get" id="IN1Nzzw|8N:WWLZmk)#2">
                      <field name="VAR" id="]?Vs3N$@Y6kF,OP$;}?A">LT</field>
                    </block>
                  </value>
                  <statement name="DO">
                    <block type="variables_set" id="s)3yC_-P(45768y)lWdW">
                      <field name="VAR" id="Xq1@1ZCj)Xj,IcQOmiJ%">ClickedCount</field>
                      <value name="VALUE">
                        <block type="math_arithmetic" id="N6.RY`6:/Rm7R2]qK,i;">
                          <field name="OP">ADD</field>
                          <value name="A">
                            <shadow type="math_number" id="!5}e_Ozw%NU,T#t%+`sE">
                              <field name="NUM">2</field>
                            </shadow>
                            <block type="variables_get" id="{l)ZCI;v#$#+.A,FmO{-">
                              <field name="VAR" id="Xq1@1ZCj)Xj,IcQOmiJ%">ClickedCount</field>
                            </block>
                          </value>
                          <value name="B">
                            <shadow type="math_number" id="w3/g/j3#?($h=jj_5.C-">
                              <field name="NUM">1</field>
                            </shadow>
                          </value>
                        </block>
                      </value>
                    </block>
                  </statement>
                </block>
              </statement>
            </block>
          </statement>
        </block>
      </next>
    </block>
    <block xmlns="https://developers.google.com/blockly/xml" type="eventHTMLElem" id="x45/OyRAAwfGRasw5Oy/" x="10" y="2370">
      <field name="EVENT">mouseover</field>
      <field name="PARENT">TRUE</field>
      <value name="ID">
        <shadow type="text" id="#?Sn8XeFP|p%U^%(1M[K">
          <field name="TEXT">LG03</field>
        </shadow>
      </value>
      <statement name="DO">
        <block type="setHTMLElemStyle" id="2vl;-;-W8jxB3p{?}vke">
          <field name="PROPERTY">cursor</field>
          <field name="PARENT">TRUE</field>
          <value name="VALUE">
            <block type="text" id="{jM*guy8AK]r$3}*xm!}">
              <field name="TEXT">pointer</field>
            </block>
          </value>
          <value name="ID">
            <shadow type="text" id="53}BxJs_ZF_48i,I/@TX">
              <field name="TEXT">LG03</field>
            </shadow>
          </value>
          <next>
            <block type="setHTMLElemStyle" id="S.,biHM}9Q-EkhoDKIM/">
              <field name="PROPERTY">display</field>
              <field name="PARENT">TRUE</field>
              <value name="ID">
                <shadow type="text" id="}Os=],]xm)8_H9y[/Cj0">
                  <field name="TEXT">LG03Text</field>
                </shadow>
              </value>
            </block>
          </next>
        </block>
      </statement>
      <next>
        <block type="eventHTMLElem" id="}yc/{2ie7N/?%i:b1Jq`">
          <field name="EVENT">mouseout</field>
          <field name="PARENT">TRUE</field>
          <value name="ID">
            <shadow type="text" id="P2B8[14d,W)tR7Lx)g*T">
              <field name="TEXT">LG03</field>
            </shadow>
          </value>
          <statement name="DO">
            <block type="setHTMLElemStyle" id="0bIX;Nr+z0u37n,0_u#)">
              <field name="PROPERTY">cursor</field>
              <field name="PARENT">TRUE</field>
              <value name="VALUE">
                <block type="text" id="!2/TiZS]Y?74=$}fUNTx">
                  <field name="TEXT">default</field>
                </block>
              </value>
              <value name="ID">
                <shadow type="text" id="T1*%laVs}@izB/yKd!OA">
                  <field name="TEXT">LG03</field>
                </shadow>
              </value>
              <next>
                <block type="setHTMLElemStyle" id="S*O09lY6+IP$vLxEY|@/">
                  <field name="PROPERTY">display</field>
                  <field name="PARENT">TRUE</field>
                  <value name="VALUE">
                    <block type="text" id="Ch!uA8Vn;|qv2{IA~^D:">
                      <field name="TEXT">none</field>
                    </block>
                  </value>
                  <value name="ID">
                    <shadow type="text" id=",254Jmg?x5f+nlgkbA9I">
                      <field name="TEXT">LG03Text</field>
                    </shadow>
                  </value>
                </block>
              </next>
            </block>
          </statement>
        </block>
      </next>
    </block>
    <block xmlns="https://developers.google.com/blockly/xml" type="eventHTMLElem" id="IJmYC?Fmr/UK#ZjtC/uN" x="10" y="2670">
      <field name="EVENT">click</field>
      <field name="PARENT">TRUE</field>
      <value name="ID">
        <shadow type="text" id="O2qMA14sF%raP{:Me;h,">
          <field name="TEXT">Color01</field>
        </shadow>
      </value>
      <statement name="DO">
        <block type="setMaterialColor" id="7c=JSIzX^J.DCS@#k#8(">
          <mutation xmlns="http://www.w3.org/1999/xhtml" flexcolinput="false" usecsscolor="false"></mutation>
          <field name="MAT_COL_NAME">RGB</field>
          <value name="MATERIAL">
            <shadow type="materialList" id="c2M-kCnt@B{A+*V2X+B{">
              <field name="FIELDNAME">001_CheShen</field>
            </shadow>
          </value>
          <value name="R">
            <shadow type="math_number" id="jLJMzw:LJkr};}VgnIw.">
              <field name="NUM">0.7</field>
            </shadow>
          </value>
          <value name="G">
            <shadow type="math_number" id="}%5XE#cs?W7^5`F6{:K{">
              <field name="NUM">0.75</field>
            </shadow>
          </value>
          <value name="B">
            <shadow type="math_number" id="y)MjO1{?v6Z~RuYaH4!}">
              <field name="NUM">0.75</field>
            </shadow>
          </value>
        </block>
      </statement>
      <next>
        <block type="eventHTMLElem" id="W@V5xkrNF_FE3}1V--S`">
          <field name="EVENT">click</field>
          <field name="PARENT">TRUE</field>
          <value name="ID">
            <shadow type="text" id="]/6M;K#AoaKDvytK|ePs">
              <field name="TEXT">Color02</field>
            </shadow>
          </value>
          <statement name="DO">
            <block type="setMaterialColor" id="P+cGy]2M1|-iLYQ2$.Ma">
              <mutation xmlns="http://www.w3.org/1999/xhtml" flexcolinput="false" usecsscolor="false"></mutation>
              <field name="MAT_COL_NAME">RGB</field>
              <value name="MATERIAL">
                <shadow type="materialList" id="!B92p6Br$}YS2:ynsZ:k">
                  <field name="FIELDNAME">001_CheShen</field>
                </shadow>
              </value>
              <value name="R">
                <shadow type="math_number" id="r4R5Jq^KagZdLcme-%.c">
                  <field name="NUM">0.05</field>
                </shadow>
              </value>
              <value name="G">
                <shadow type="math_number" id="(A*njq/kMsm^1TA$Mu(n">
                  <field name="NUM">0.05</field>
                </shadow>
              </value>
              <value name="B">
                <shadow type="math_number" id="u=|Acx{aZqA_1R;2%wAk">
                  <field name="NUM">0.9</field>
                </shadow>
              </value>
            </block>
          </statement>
          <next>
            <block type="eventHTMLElem" id="P%_?kCd.y.:Cc`s^a#]i">
              <field name="EVENT">click</field>
              <field name="PARENT">TRUE</field>
              <value name="ID">
                <shadow type="text" id="?+hpAE`BC/iW9)A%TIYy">
                  <field name="TEXT">Color03</field>
                </shadow>
              </value>
              <statement name="DO">
                <block type="setMaterialColor" id="8q@*J(!jf?s[tG2b#iCl">
                  <mutation xmlns="http://www.w3.org/1999/xhtml" flexcolinput="false" usecsscolor="false"></mutation>
                  <field name="MAT_COL_NAME">RGB</field>
                  <value name="MATERIAL">
                    <shadow type="materialList" id="1l*r+pWp`]Ql?}0$0tyW">
                      <field name="FIELDNAME">001_CheShen</field>
                    </shadow>
                  </value>
                  <value name="R">
                    <shadow type="math_number" id="mnfbBsKZI;yp=WY}lIz6">
                      <field name="NUM">0.9</field>
                    </shadow>
                  </value>
                  <value name="G">
                    <shadow type="math_number" id="u.$HccDp$:/=Dvs,-L5S">
                      <field name="NUM">0.05</field>
                    </shadow>
                  </value>
                  <value name="B">
                    <shadow type="math_number" id="5LKr$9]EpAnmXxWx7B*8">
                      <field name="NUM">0.05</field>
                    </shadow>
                  </value>
                </block>
              </statement>
            </block>
          </next>
        </block>
      </next>
    </block>
  </tab>
  <editorsettings viewport-x="1510" viewport-y="22" viewport-w="413" viewport-h="250.5" viewport-hidden="false" toolbox-library-mode="false" toolbox-minimized-mode="false"></editorsettings>
</xml>