<xml xmlns="http://www.w3.org/1999/xhtml">
  <tab name="init" type="InitTab" active="false" scrollx="875" scrolly="435.5" scale="0.9">
    <block xmlns="https://developers.google.com/blockly/xml" type="initSettings" id="8{l^$Y{2+i$G:1`aK5a;" x="-930" y="-410">
      <field name="LOAD_COMP_ASSETS">TRUE</field>
      <field name="FULLSCREEN">TRUE</field>
      <field name="BKG_TRANSPARENCY">FALSE</field>
      <field name="PRESERVE_DRAW_BUF">FALSE</field>
      <field name="FADE_ANNOTATIONS">TRUE</field>
    </block>
  </tab>
  <tab name="main" type="MainTab" active="true" scrollx="875" scrolly="435.5" scale="0.9"></tab>
  <editorsettings viewport-x="1134" viewport-y="28" viewport-w="768" viewport-h="473.5" viewport-hidden="false" toolbox-library-mode="false" toolbox-minimized-mode="false"></editorsettings>
</xml>