{"scope.version":"2","timeline.animationMode":"proMode","viewport.width":1194,"viewport.height":686,"library.openDirectories":[],"library.GroupsPath":{},"library.downloadedAssets":{},"design.scrollleft":0,"design.scrolltop":0,"design.zoom":0.9014648822065907,"responsive.previewedSizes":["1193.99x685.993"],"color.customColorPalettes":[{"color_data":[{"css":"rgba(27,27,26,1)"},{"css":"rgba(240,240,240,1)"},{"css":"rgba(129,129,127,1)"},{"css":"rgba(198,198,197,1)"},{"css":"rgba(72,72,70,1)"}],"name":"documentSwatches"}],"tool.text.optionsState":{"fontName":"Microsoft YaHei","fontSize":"20px","fontWeight":"normal","fontStyle":"normal","alignLeft":false,"alignCenter":true,"alignRight":false,"alignJustify":false,"verticalAlignCenter":false,"foreColor":"rgb(0, 0, 255)","tagName":"span","orderedList":false,"unorderedList":false},"publish.local.location":"C:/Users/Mei/Desktop/111/","publish.local.name":"ui","publish.local.flatten":true,"publish.local.minify":false,"publish.local.inlineFiles":false,"publish.local.createZip":false,"publish.local.politeLoad":false,"publish.local.exportMozilla":true,"publish.local.exportWebkit":true,"publish.local.borderColor":"rgba(0,0,0,1)","publish.local.addBorder":false,"":false,"publish.local.skipLoadingDelay":false,"timeline.zoomLevel":75}